Word 1,Word 2,Levenshtein Distance,Doublemetaphone Match
Theft,Twittered,7,False
Tetanoid,Thenadays,6,False
Thessalian,Taverning,8,False
Tetragynian,Tetrakishexahedron,11,False
Tartrate,Theine,6,False
Toluylene,Thermochemistry,13,False
Trend,Taverner,5,False
Thermochemic,Tableware,10,False
Transmew,Tracheata,6,False
Transmission,Triding,8,False
Terra,Tas,4,False
Tories,Tamability,8,False
Theoretics,Tigrine,7,False
Tincture,Transumpt,7,False
Trestletree,Tali,9,False
Turn-sick,Transgressive,9,False
Truths,Thowl,5,False
Tom-tom,Tobogganer,8,False
Tea,Turned,4,False
Theses,Tributary,8,False
Tapioca,Teachableness,11,False
Teaspoon,Tidy,7,False
Tinkering,Tobacconist,9,False
Tugan,Trilateral,8,False
Twenty-fourmo,Trull,11,False
Transvasate,Taurocholate,8,False
Tanglingly,Toreutic,9,False
Thirling,Tachygraphical,10,False
Terreous,Tauromachy,8,False
Tribunitian,Tailzie,8,False
Theologist,Top-drain,8,False
Tommy,Tribalism,8,False
Terrel,Tush,5,False
Theine,Teraconic,7,False
Tendency,Transpassable,11,False
Trochaic,traced,6,False
Tangle,Telotrochal,10,False
Tingeing,Tubercle,7,False
Tyfoon,Torgoch,5,False
Tussock,Triflorous,8,False
Terse,Theriotomy,7,False
Teewit,Tuberculous,9,False
Terminated,Tomentum,6,False
Taskwork,Twittering,8,False
Tam-tam,Torpescence,10,False
Target,Trafficker,7,False
Tantivy,Traversing,7,False
Trucked,Talbot,6,False
Thomaean,Tabbinet,7,False
Tomboy,Tincal,5,False
Treeful,Teetotaler,7,False
Tangalung,Typhomania,8,False
Thousandfold,Taleful,8,False
Thistle,Tided,5,False
Trainable,Tredille,5,False
Ternion,Thus,6,False
Trillion,Typical,7,False
Tiara,Tetradon,5,False
Territory,Tettered,6,False
Term,Tricostate,9,False
Thar,Trirhomboidal,10,False
Tunk,Tilth,4,False
Tempera,Thyrohyoid,9,False
Teelseed,Transmit,6,False
Tympano-,Terraced,6,False
Teachable,Tampion,7,False
Thrumming,Tremolite,6,False
Toast,Topman,4,False
Tricae,Therial,4,False
Tritheism,Triquetrous,7,False
Thrack,Tamil,5,False
Tetravalence,Togidres,10,False
Tripersonalist,Trephined,10,False
Tutelar,Tamburin,7,False
Ted,Tenioid,4,False
Terpinol,Typhomalarial,11,False
Tschakmeck,Tellurism,9,False
Trigram,To-day,5,False
Taciturn,Tetrandrian,8,False
Trimethyl,Thysanurous,10,False
Tentful,Tartramate,8,False
Thumper,Thecaphore,6,False
Tonguefish,Trichiuroid,9,False
Tamine,Transnatation,10,False
Top-tool,Tithonometer,10,False
Tractoration,Timeling,10,False
Thecodont,Tapoa tafa,9,False
Toponomy,Transmogrification,16,False
Tant,Trophi,5,False
Trijugous,Tegmina,8,False
Tot,Tritheistical,11,False
Trist,Tetragynous,9,False
Transpicuous,Trionyx,9,False
Traduce,Tarpon,5,False
Tenthmeter,Threadiness,9,False
Typhon,Tumbledung,8,False
Tridiapason,Teutones,9,False
Thine,Throatband,7,False
Trossers,Thaumaturgics,10,False
Tartuffish,Triarchies,8,False
Trifler,Thyrohyal,7,False
Troglodytes,Turtle-shell,9,False
Transmigrator,Turnip-shell,11,False
Tabulated,Tidytips,8,False
Tacit,Towardly,6,False
tooled,Transition,10,False
Tarrying,Theogonic,7,False
Temperateness,Terminalia,10,False
Transitoriness,Top-tackle,11,False
Tusk,Tedded,5,False
Tachhydrite,Turnspit,8,False
Triolet,Toluole,4,False
Twifallowing,Topsoil,9,False
Tripod,Tinct,4,False
Tangent,Ted,5,False
Thulium,Tenemental,9,False
Temperer,Trappist,6,False
Transitoriness,Triddler,10,False
Termly,Tracheata,8,False
Twinner,Tallower,5,False
Tomboy,Theosophist,9,False
Totter,Towboat,5,False
Trousering,Ting,6,False
Transverse,Turgid,9,False
Transvertible,Township,9,False
Trangram,Tongs,5,False
Tersanctus,Trithionic,9,False
Typhoon,Trimesitic,9,False
Triumplant,Taxability,8,False
Truncated,Theatric,7,False
Triune,Thearchic,7,False
Thirlage,Transmit,7,False
Tendosynovitis,Tagsore,11,False
Tidy,Tacit,4,False
Twiggen,Teston,5,False
Terebene,Titty,7,False
Trickiness,Trichroic,6,False
Teutonicism,Tarrier,9,False
Talking,Tonsilotome,9,False
Treeful,Til,5,False
Tidings,Tightened,6,False
Tomnoddy,Tress,7,False
Thermo-,Technical,7,False
Trinity,Tod,6,False
Tubular,Tachyglossa,9,False
Tabefying,Tellureted,9,False
Tarditation,Taboo,8,False
Thawy,Trigrammatic,10,False
Taconic,Tacked,4,False
Tympan,Tricoccous,9,False
Typing,Transe,5,False
Traducingly,Treacher,8,False
Trigamy,Tetracarpel,8,False
Truthless,Tyrannizing,9,False
Thimbleweed,Treadfowl,9,False
Theurgic,Talmudic,5,False
Tow-head,Twigless,6,False
Tegula,Toughen,5,False
Template,Tunicary,6,False
Tipcart,Turgescent,7,False
Tussock,Thigh,6,False
Toonwood,Two-parted,7,False
Trivium,Torril,5,False
Tire,Truttaceous,9,False
Tapering,Tucket,7,False
Tartarize,Text-book,7,False
Thesicle,Textman,6,False
Tace,Traditionally,11,False
Telescopy,Temperable,7,False
Temptatious,Trafficking,10,False
Tetrazo-,Tombing,7,False
Tool-post,Terraced,8,False
Twopenny,Than,6,False
Tetrarchical,Turbo,10,False
Tractable,Thing,8,False
Tallow-face,Transubstantiate,12,False
Troupe,Tice,4,False
Tantalum,Theopathy,7,False
Trone,Tetrachord,7,False
Tyrannicide,Terpin,8,False
Talpa,Timer,4,False
Theorbist,Trustworthy,9,False
Tayra,Tetanic,5,False
Typified,Tisane,6,False
To-fall,Thryes,6,False
Turbite,Thrum,5,False
Trombone,Tricking,5,False
Trim,Tenanted,7,False
Transmogrify,Theatricals,11,False
Trochar,Triformity,7,False
Tegmina,Thunderworm,9,False
Theiform,Testificator,8,False
Towline,Transpositive,9,False
Thumbing,Torrefying,6,False
Tallier,Tertiate,6,False
Tailoress,Tride,6,False
Torpify,Ternate,5,False
Toastmaster,Terminal,9,False
Transparence,Thermoelectrometer,14,False
Tannin,Tinker,4,False
Tidily,Tiller,4,False
Tumbril,Triphylite,8,False
Teufit,Trivialness,9,False
Triatic,Three-ply,7,False
Turbine,Thewed,6,False
Trothless,Tension,8,False
Twenty,Transmission,10,False
Thirteen,Toil,6,False
Trigeminous,Torsibillty,9,False
Thimbleeye,Twelvepenny,9,False
Treasonous,Tepefaction,8,False
Tettix,Thermometry,8,False
Therapeutical,Trappy,9,False
Tatter,Turfed,4,False
Tanistry,Temptatious,9,False
Typhoid,Testate,6,False
Tubicinate,Trimellic,8,False
Tranquilly,Toothpick,8,False
Trigger,Technologist,10,False
Temulency,Twelfth-cake,9,False
Torturable,Tabefy,8,False
Theatine,Trough,7,False
Tenuated,Towardliness,10,False
Territorialized,Tubiporite,9,False
Toppescent,Theobroma,9,False
Thrapple,Tough-cake,8,False
Tabored,Tired,3,False
Territorialized,Textuist,11,False
Tautological,Tabby,10,False
Two-lipped,Torticollis,9,False
Trade,Tinge,3,False
Tease,Touchhole,7,False
Turbulent,Tipulas,6,False
Trisected,Thorn-headed,7,False
Transporting,Tabular,9,False
Testicle,Therewhile,6,False
Tawniness,Tillodontia,9,False
Tinean,Triglyphic,8,False
Tetrol,Temporo-,4,False
Trifolium,Theorematic,9,False
Titularly,Tetrapody,6,False
Timal,Tumping,5,False
Timous,Trashiness,7,False
Theochristic,Totemic,8,False
Tergiversate,Tropology,10,False
Testa,Taxiarch,6,False
Tollmen,Thalamifloral,10,False
Thallous,Trailer,5,False
Tumulus,Tableing,7,False
Tridactyle,Tempestivily,9,False
Tosto,Thermolysis,8,False
Twattle,Troublable,7,False
Telescopic,Truncheoneer,10,False
Towing,Temptation,8,False
Trillium,Tempering,7,False
Tabernacular,Testa,9,False
Tartralic,Thumbkin,7,False
Timothy grass,Tellurite,11,False
Transversal,Topau,9,False
Tonguy,Tohew,4,False
Trough-shell,Tab,11,False
Tracheobranchia,Three-square,13,False
Temporaneous,Teretous,6,False
Tutress,Turf,4,False
Tumid,Tideway,6,False
Trogon,Triumviry,7,False
Trade,Tabernacular,9,False
Tympanize,Thickly,8,False
Triolein,Tribracteate,8,False
Tinctured,Triumphal,8,False
Torpedo,Tinnock,6,False
Trammeler,Torsk,8,False
Totty,Tantalus,6,False
Torridness,Tetraspore,8,False
Try-square,Toupettit,9,False
Thrivingly,Taborine,7,False
Teraphim,Thenadays,6,False
Trachea,Tripedal,5,False
Thomite,Tresayle,6,False
Toddler,Tiredness,6,False
Trackscout,Transcolation,7,False
Text-hand,Tunicary,7,False
Theologian,Tattered,9,False
Tier,Thiotolene,7,False
Toughness,Tergiferous,7,False
Twiner,Tarsometatarsi,11,False
Thorough-lighted,Taurocol,12,False
Thud,Timepiece,8,False
Teraconic,Tersulphuret,9,False
Terror,Transversal,8,False
Tail-bay,Teufit,7,False
Tarpan,Toyingly,7,False
Tegula,Theft,5,False
Throatband,Tranced,6,False
Tough-head,Tetrapharmacom,11,False
Thropple,Tingid,7,False
Taxpayer,Tributaries,8,False
Tarsometatarsi,Thoroughness,11,False
Tritheistic,Tzetze,8,False
Tithonicity,Tranquilliized,11,False
Tourbillion,Testicardines,11,False
Trustee,Truttaceous,6,False
Theophilosophic,Travesty,13,False
Thunderer,Transanimation,12,False
Totipresence,Terminator,11,False
Teenful,Teetering,6,False
Titularies,Treatable,7,False
Tonguefish,Trench-plow,9,False
Tarred,Tornaria,5,False
Traversable,Tallowing,9,False
Toilinette,Theologer,8,False
Throughout,Tailor,8,False
Turcoman,Tracing,6,False
Thereout,Tag,7,False
Togider,Tetrasyllabic,12,False
Thorough,Thiosulphuric,9,False
Tenantless,Titanotherium,8,False
Trackage,Tartarean,6,False
Troublous,Tete,8,False
Tramble,Thiocyanic,9,False
Two-ply,Tapestries,9,False
Thunderer,Tripudiary,8,False
Toyshop,Tracheocele,8,False
Topknot,Tampion,5,False
Tincture,Taintless,6,False
Tetanize,Tricuspid,8,False
Total,Toothlet,4,False
Tickle-footed,Tomnoddy,11,False
Trisyllabic,Tetrathionate,11,False
Tinnitus,Ternate,5,False
Tetrapharmacom,Taboret,11,False
Tappen,Tagging,4,False
Textmen,Theobromic,7,False
Timorous,Trowsed,6,False
Towline,Transliterate,9,False
Townlet,Triglyph,6,False
Targeteer,Thirdly,8,False
Tahaleb,Trewth,6,False
Torrefied,Tarry,6,False
Tibia,Theatricals,8,False
Tasmanian,Took,8,False
Theriaca,Tannery,7,False
Toning,Timoneer,5,False
Travel-tainted,Transelement,8,False
Taxonomist,Thrushel,9,False
Tampeon,Theodolite,8,False
Tailed,Testae,5,False
Thorium,Teache,6,False
Troop,Tendered,7,False
Tyrosin,Temperance,8,False
Totemic,Treated,6,False
Trochiscus,Tinker,8,False
Timal,T cart,4,False
Trichromatism,Trammeled,10,False
Tenuating,Tibio-,7,False
Textuarist,Tectonics,6,False
Tamias,Topcoat,5,False
Truthless,Theocracy,8,False
Thiocarbonic,towering,9,False
Tangence,Teen,5,False
Trimorph,Tetraspore,7,False
Triclinia,Turfless,7,False
Thieve,Touchy,5,False
Thunderfish,Terrifical,9,False
Type,Timid,4,False
Taeniae,Turgescence,8,False
Tickling,Tergeminal,7,False
Tarsalia,Transposed,7,False
Teeny,Teleology,5,False
Trouncing,Trona,5,False
Thruster,Tooted,5,False
Tule,Tessera,5,False
Tricking,Trinerve,5,False
Twinning,Transforate,9,False
Tetanomotor,Turf,10,False
Thymiatechny,Temper,9,False
Tyne,Telpher,5,False
Tubicolae,Toughened,8,False
Tinmen,Theology,7,False
Tracheobranchia,Tautochrone,11,False
Thirsting,Trubtall,7,False
Tutored,Toter,4,False
Tennu,Tetel,3,False
Trunnioned,Trackscout,8,False
Theriotomy,Thruster,6,False
Tardo,Timaline,6,False
Tatterdemalion,Trihedron,9,False
Turfiness,Tetter-totter,11,False
Triturium,Triarchies,6,False
Terebene,Twinner,6,False
Troic,Tetes-de-pont,11,False
Telegraphic,Tharms,9,False
Treaty,Termagancy,6,False
Tychonic,Twirl,7,False
Tanite,Tetrandrous,8,False
Tilde,Taffeta,5,False
Topman,Top-hamper,6,False
Talukdar,Thud,5,False
They,Thaumatrope,9,False
Tranquillizing,Towards,13,False
Tonnish,Thiotolene,8,False
Taffety,Teemed,5,False
Tolerating,Tracheata,8,False
Twelvepenny,Temperamental,9,False
Trichloride,Tryst,9,False
Testator,Trancscendent,11,False
Tansy,Travel,4,False
Timbrelled,Trotter,7,False
Tranship,Tyros,6,False
Tickling,Taut,7,False
Tohew,Tacky,4,False
Tautophonical,Tamper,10,False
Toffee,Transcendentally,13,False
Thrid,Tripper,5,False
Title-page,Try,9,False
Thiocarbonic,Trinervate,9,False
Topsail,Tubicornous,9,False
Tschego,Toon,6,False
Turtle,Trifallowed,8,False
Truceless,Trub,6,False
Trapanned,Turio,8,False
Teutonic,Transfused,9,False
Trollopee,Training,7,False
Tremolo,Totter,6,False
Tolerabolity,Tellurism,9,False
Tendon,Theme,5,False
Typhos,Tungstate,8,False
Terminative,Thunderless,10,False
Township,Teredines,8,False
Thwacking,Throatboll,7,False
Thecophora,Typewrite,9,False
Tulipomania,Thoroughpin,9,False
Thankful,Teazer,6,False
Ter-tenant,Tap,8,False
Tibiotarsal,Triture,7,False
Tired,Torridness,7,False
Tractate,Tholed,7,False
Teazer,Telotrochae,8,False
Triton,Thyrsoidal,7,False
Trade,Tamely,4,False
Tetrodon,Trichroism,7,False
Thruster,Testicle,7,False
Twelvescore,Turmeric,9,False
Transverberate,Temporally,11,False
Thionic,Tolerance,7,False
Turacin,Tolled,6,False
Tribunate,Tirailleur,8,False
Treadfowl,Tumular,8,False
Teretous,Teated,5,False
Taxeopoda,Three,7,False
Tracheitis,Tiffin,8,False
Tellureted,Thowl,9,False
Telestereoscope,Theft,12,False
Timeliness,Tannable,8,False
Tempera,Trisnitrate,8,False
Toadflax,Tendry,6,False
Tinctorial,Tinker,6,False
Test,Trappings,8,False
Tranquilliized,Tainting,10,False
Tough-pitch,Torchwood,8,False
Teat,Tetrapod,5,False
Tintamar,Trajecting,9,False
Theopneusted,Tamely,10,False
Thrummy,Temporal,7,False
Turnus,Tenability,9,False
Tawdriness,Twopence,7,False
Tolerate,Totipalmi,6,False
Tights,Transude,7,False
Tippler,Trapeze,5,False
Teg,Theosopher,8,False
Triumvir,Transcalency,10,False
Traditionist,Tri/cious,7,False
Testacean,Thursday,7,False
Translative,Try-square,7,False
Thorn,Turfen,4,False
Transcendence,Trigintal,10,False
Transept,Twelvemo,6,False
Tungstite,Tasset,6,False
Trickish,Tollable,7,False
Toupee,Topful,4,False
Teaselled,Taborine,7,False
Tetraschistic,Three-coat,10,False
Taille,Twinborn,6,False
Teine,Tomorrow,7,False
Tairn,Trinkle,5,False
Terpsichore,Telegraph,9,False
Tinkler,Tipula,4,False
Tympano,Toght,6,False
Turband,Tolerable,7,False
Tataupa,Truthy,6,False
Tissued,'Twixt,7,False
Toddled,Toyman,5,False
Three-ply,Telegrapher,8,False
Tittle-tattle,Trades-unionist,13,False
Triply,Tricolored,6,False
Thaliacea,Tailed,5,False
tooled,Thwarting,9,False
Taurylic,Tubing,6,False
Tectrices,Trenchantly,8,False
Testicardines,Triply,10,False
Tarentula,Totipresent,9,False
Trivalvular,Tanning,9,False
Transcendentally,Tentering,12,False
Trompe,Twice,4,False
Triune,Tardity,5,False
Tren,Toilette,6,False
Time,Tail-water,7,False
Tier,Taxgatherer,8,False
Transcalent,Thysanuran,8,False
Tributariness,Trepid,10,False
Therewithal,Trigness,9,False
Tab,Temperance,8,False
Thumbless,Tu-whoo,7,False
Thriving,Teaser,7,False
Tying,Trionyx,4,False
Trichomatose,Transparencies,11,False
Turrel,Tetraonid,7,False
Three,Turnspit,6,False
Textured,Threpe,6,False
Trapeziform,Tournament,10,False
Thill,Turnsole,6,False
Telangiectasis,Tranquillization,11,False
Torsi,Tritorium,6,False
Trypsin,Tottling,5,False
Trafficless,Touched,8,False
Tunk,Top-cloth,8,False
Thuggism,Tironian,6,False
Taintless,Tetanoid,8,False
Tactual,Thoral,4,False
Transformation,Typed,13,False
Transcorporate,Twinlike,11,False
Thatched,Tithonicity,8,False
Tonic,Table,4,False
Theobroma,Teleophore,6,False
Theocratical,Tincture,9,False
Tender-hearted,Tubulation,12,False
Ten-strike,Thewy,9,False
Transfusing,Trappous,6,False
Tractator,Throb,7,False
Taxonomy,Three-score,9,False
Tridecane,Tittimouse,8,False
Tumulose,Theta,7,False
Tholing,Thaumaturgical,11,False
Threader,Tetrapody,7,False
Than,Troyounce,7,False
Timeliness,Thwarter,8,False
They,Theorization,9,False
Troubling,Transship,7,False
Telescopy,Trimorphism,10,False
Tillering,Tide,6,False
Thionic,Thewy,5,False
Tungstate,Topmost,7,False
Tydy,Taxidermist,9,False
Trochanter,Tectology,8,False
Thring,Triglyphic,8,False
Tactility,Trout,7,False
Tellural,Tisicky,7,False
Traceable,Tank,7,False
Taxonomist,Thanage,8,False
Tunhoof,Topographist,10,False
Theine,Tied,4,False
Thumb,Twiner,5,False
Tradition,Truckle-bed,9,False
Tunk,Tony,2,False
Thring,Trickle,5,False
Tresor,Tanagroid,7,False
Tartrazine,Tilestone,7,False
Trabeated,Tetrapod,6,False
Temptatious,Traditive,8,False
Tullibee,Troiluses,6,False
Teaching,Trillium,6,False
Timbering,Tipped,6,False
Testudinata,Tinean,8,False
Tetrapterous,Throstle,9,False
Ton,Tongueworm,7,False
Tesserae,Trifoliated,8,False
Tarsometatarsus,Taurocholic,12,False
Transudatory,Toph,10,False
Theologics,Touring,7,False
Tuning,Tetractinellida,12,False
Toyshop,Threadbare,9,False
Timothy,Trichinosis,8,False
Threste,Triangularly,11,False
Timbering,Thermogenic,8,False
Troopial,Theft,7,False
Throatwort,Tetartohedral,10,False
Traveled,Tardo,6,False
Tagged,Truckle,6,False
Transude,Trespass,6,False
Tapestried,Toilsome,7,False
Tutorship,Tattle,7,False
Tyke,Trucidation,10,False
Tarso-,Telegraphy,8,False
Tickled,Thlipsis,7,False
Thermocurrent,Thornbird,9,False
Transcribing,Transcendentally,9,False
Theatin,Taeniada,6,False
Trolley,Teemful,6,False
Tea,Terse,3,False
Titrated,Thiocyanate,7,False
Trender,Trigrammic,8,False
Trench,Turfmen,5,False
Tredille,Timocratic,9,False
Terbium,Theogonist,7,False
Top-draining,Tined,9,False
Tatterdemalion,Triply,11,False
Teint,Telescoping,7,False
Twirl,Tricksy,5,False
Thienyl,Theftbote,7,False
Toffy,Track,4,False
Tent,Tentation,5,False
Thranite,Texture,6,False
Tendron,Tridentiferous,9,False
Taha,Transcalent,8,False
Trisnitrate,Testudines,9,False
Taw,Toddy,4,False
Top-chain,Tabescent,8,False
Trayfuls,Taedium,6,False
Tequila,Trifling,6,False
Tubicole,Trowel,6,False
tried,Tubicornous,10,False
Torteau,Thatching,7,False
Taxonomic,Thralldom,7,False
Taenioidea,Thearchy,8,False
Thicken,Tutorize,7,False
Tristy,Twittle-twattle,12,False
Trivial,Tortilla,5,False
Theomachist,Tiger-footed,10,False
Transforate,Took,9,False
Turband,Taoism,6,False
Telluric,Tumefy,7,False
Thunderfish,Thermopile,8,False
Toftmen,Tongueless,7,False
Thionine,Testacean,8,False
Tomnoddy,Tint,6,False
Tendosynovitis,Trousering,11,False
Trews,Triglyph,6,False
Tetric,Termer,4,False
Try-square,Taste,7,False
Treadwheel,Twinkled,8,False
Translatorship,Typewriting,12,False
Tayra,Tribometer,9,False
Trendle,Tolu,5,False
Translucently,Tickled,10,False
Touchiness,Toadstone,7,False
Traphole,Tunicary,7,False
Tingis,Trimorph,6,False
Testudinata,Tannery,9,False
Trespassed,Toy,9,False
Tabbied,Te-hee,5,False
Tripalmitate,Totteringly,10,False
Tenantable,Temperancy,7,False
Tidings,Theomachist,9,False
Trigraph,Tamper,7,False
Tripersonalist,Tutoress,11,False
Tonsure,Trayfuls,6,False
Tensure,Tretys,6,False
Tortious,Teaselling,9,False
Theophilanthropist,Toledo,14,False
Transplendent,Trabecular,9,False
Thick-headed,Trijugate,8,False
Taeniada,Tyronism,6,False
Them,Tarnishing,8,False
Tyrannicide,Tachometer,9,False
Tessera,Trounce,6,False
Tonical,Tettered,7,False
Tutorage,Thermotension,11,False
Tellurize,Thunderfish,8,False
Theriodontia,Tabific,9,False
Toxifera,Tangly,7,False
Tenebrificous,Tread-softly,11,False
Thialdine,Templed,7,False
Turbinella,fibre,8,False
Tetrasyllabical,Tetrabasic,7,False
Thuriferous,Topsmen,9,False
Trisuls,Tetter-totter,11,False
Tingent,Tolsester,6,False
Trowsers,Tetanin,7,False
Treasured,Transfund,5,False
Tranect,Tralucent,4,False
T'other,Tartan,5,False
Three-leafed,Trebling,8,False
Tableau,Thymy,6,False
Tweezers,Trematoid,7,False
Tagliacotain,Tentacular,8,False
Truster,Torso,5,False
Transfusive,Toftman,9,False
Tacamahac,Tinselled,8,False
Tali,Tripersonality,10,False
Tazel,Trommel,4,False
Testacy,Tracheobranchia,11,False
Tan,Trigenic,6,False
Thermoelectrometer,Troutlet,12,False
Thimblefuls,Tractile,9,False
Timer,Tabulated,7,False
Toxical,Transfuge,8,False
Toothed,Teil,6,False
Tranquil,Talma,6,False
Toxodon,Tenacy,6,False
Thwacking,Tetragynian,8,False
Trudging,Talipes,7,False
Tralucency,Taxing,7,False
Trirhomboidal,Timeful,9,False
Threshold,Tristearate,9,False
Toccata,tooling,6,False
Transcontinental,Trugging-house,13,False
Topau,Toothache,6,False
Truth-teller,Triplicate,9,False
Theanthropic,Touchhole,9,False
Trijugate,Timepiece,7,False
Tallower,Tussock,6,False
Trimellic,Tofus,8,False
Trochosphere,Turbinoid,10,False
Titubation,Threshed,9,False
Taeniolae,Tangfish,6,False
Transportingly,Tallow,11,False
Taurocol,Tokenless,8,False
Triplicate-ternate,Thawed,15,False
Trinitarian,Traveling,8,False
Transformism,Tauriform,7,False
Tripalmitin,Thunderstone,9,False
Thamyn,Tod,5,False
Titillative,Tracheocele,9,False
Twiggen,Timekeeper,8,False
Tanager,Triding,6,False
Talking,Thecosomata,10,False
Toadlet,Tosto,5,False
Teaselled,Trouvere,7,False
Trigrammic,Throw-off,9,False
Toil,Terra,4,False
Trivialism,Tup,9,False
Technism,Taas,6,False
Troopmeal,Turning,8,False
Totem,Te-hee,4,False
Theogonist,Timeling,8,False
Tunicle,Tamboured,7,False
Tambour,Trend,6,False
Thumbing,Triplet,7,False
Tarsal,Timeous,6,False
Tonsorial,Tenth,7,False
Tenacula,Trifacial,6,False
Tallowish,Tectrices,8,False
Timberman,Toryism,7,False
Tychonic,Thermogen,7,False
Translunary,Temperamental,11,False
Tripennate,Tumblebug,9,False
Tringa,Titillated,7,False
Telotrochous,Traipse,10,False
Tropaeolin,Taboring,6,False
Troupial,Thunderous,9,False
Tinto,Tartness,6,False
Tinnitus,Tabret,6,False
Terephthalic,Throatwort,9,False
Taluk,Tettering,8,False
Troad,Teem,4,False
Topmast,Towering,6,False
Transcendental,Thwittle,12,False
Toryism,Tilt,5,False
Troglodytes,Tranquilize,9,False
Tokin,Totteringly,7,False
Tractrix,Trigynous,7,False
Tombing,Tonguing,3,False
Trumplike,Tragi-comical,10,False
Truncal,Tabarder,7,False
Tokened,Toothy,5,False
Temporaneous,Topographic,8,False
Trilinguar,Trimera,6,False
Teston,Teleozoic,6,False
Topsoil,Transfixion,8,False
Thialol,Transcendently,12,False
Tectibranchia,Triplasian,9,False
Trijugous,Toothy,8,False
Tormentise,Timbering,7,False
Trawlwarp,Teaser,6,False
Toothleted,Tessellata,8,False
Thorax,Teredo,5,False
Tellurite,Townlet,7,False
Thirtieth,Thermostatic,8,False
Thak,Twittering,9,False
Tisri,Tonsorial,5,False
Telangiectasis,Tau,12,False
Tumultuariness,Toughen,11,False
Taming,Tedge,5,False
Trustworthy,Triphyline,9,False
Technicist,Twinkled,8,False
Tripestone,Telepolariscope,10,False
Trousering,Tilley seed,10,False
Tutelary,Traunt,7,False
Twice,Trend,4,False
Trinucleus,Turritella,8,False
Terminable,Tarin,6,False
Transcalent,Tsaritsa,9,False
Tigerine,Traditionlism,10,False
Transfuge,Tripalmitin,8,False
Talkative,Thorium,7,False
Tumbling,Temporize,6,False
Thienone,Trichoscolices,10,False
Tchawytcha,Telephone,9,False
Tender-hefted,Therapeutics,9,False
Truelove,Tramroad,5,False
Tenuirosters,Te Deum,9,False
Tretable,Taxgatherer,8,False
Touraco,Teleostei,8,False
Tolane,Trundle-bed,8,False
Triple-tail,Turlupin,8,False
Tenuis,Tautologized,10,False
Tonguelet,Terebic,7,False
Talcous,Technologic,9,False
Turriculated,Torc,9,False
Tragus,Trad,3,False
Tremolite,Thurst,7,False
Trimorphism,Tup,9,False
Tommy,Tubinares,8,False
Tuesday,Triduan,5,False
Transgress,Thegn,8,False
Tephrite,Tosser,7,False
Tewel,Tonguefish,8,False
Truncheon,Top-rope,8,False
Teal,Turio,4,False
Trachelobranchiate,Tardation,14,False
Tautologist,Tig,9,False
Told,Trilobed,5,False
Trichite,Testudineous,9,False
Three-nerved,Taxine,9,False
Tilly-vally,Tanghinia,10,False
Tyrannized,Turncoat,7,False
Thallic,Tabefied,6,False
Travail,Thimbleful,8,False
Tritheite,Trafficker,7,False
Tumultuous,Trammel,9,False
Taenioglossa,Tylosis,8,False
Talismanic,Titleless,9,False
Tetrahedrally,Tachydidaxy,9,False
Tankard,Transcribing,8,False
Turacin,Thickly,6,False
Tolsester,Tercentenary,7,False
Tickleness,Tersulphuret,10,False
Temulence,Triangulated,9,False
Termer,Trilocular,8,False
Towered,Terminate,8,False
Tape,Titmal,5,False
Temporomalar,Through,9,False
Throughout,Threshold,5,False
Thread,Trinerve,6,False
Terrienniak,Trinity,6,False
Termes,Tufting,6,False
Thumbed,Transfeminate,11,False
Thereby,Thrum-eyed,7,False
Timepleaser,Tutorage,8,False
Tropologic,Transelementation,13,False
Toncanet,Tussah silk,9,False
Tamaric,Tympano,5,False
Trussing,Tangentially,10,False
Trimera,Talookdar,7,False
Trieterical,There-anent,9,False
Thready,Thanksgiving,10,False
Twiggy,Tomentum,7,False
Tubicole,Tonca bean,8,False
Trampoose,Tympanums,7,False
Theine,Tentation,7,False
Thionyl,Ticken,5,False
Tepidity,Thaumaturgical,12,False
Treacherous,Topical,9,False
Trinitrocellulose,Trilithons,10,False
Tedding,Toddler,4,False
Tirailleur,Tholed,7,False
Transpass,Troic,7,False
Transitionary,Topography,11,False
Tile-drain,Tuck,9,False
Terebinthine,Theophilosophic,11,False
Tokenless,Tillable,7,False
Trull,Tedder,5,False
Thrave,Tracheobranchia,11,False
Trephine,Transcended,7,False
Tailblock,Teinoscope,7,False
Throne,Tabetic,6,False
Tentacular,Treadboard,7,False
Taxing,Torch,5,False
Testaceography,Torinese,12,False
Transferrer,Thomean,9,False
Tortrix,Trehalose,8,False
Thallium,Thyrse,6,False
Terminator,Tosser,8,False
Thick-knee,Trachelidan,9,False
Thereabout,Tetrachord,7,False
Trophy,Tortion,5,False
Thirty-second,Thallogen,9,False
Tile-drain,Titleless,7,False
Traunt,Tethyodea,8,False
Totemist,Thrasher,7,False
Thysanopterous,Tonsured,11,False
Turtle-shell,Transgressed,10,False
Torsional,Treasure,7,False
Theosopher,Teleology,7,False
Tungstite,Titulary,8,False
Trifallow,Tundra,8,False
Thanksgiver,Toty,10,False
Thwittle,Thimbleberry,8,False
Tragi-comical,Tile-drain,10,False
Tilt hammer,Tinternell,8,False
Twyblade,Tartarine,7,False
Twilt,Topology,6,False
Thalian,Torsi,5,False
Troopship,Thomsenolite,9,False
Timepiece,Temperature,7,False
Trebuchet,Tour,7,False
Tiebeam,Tersanctus,8,False
Titularity,Testacy,7,False
Thinner,Tectology,8,False
Tusk-shell,Tridactylous,10,False
Teneral,Tau,5,False
Terga,Tartrovinic,9,False
Thymol,Tantamount,7,False
Throttler,Tinware,7,False
Tablebook,Treget,7,False
Trews,Tropologize,9,False
Tortiously,Trucebreaker,11,False
Tibial,Theologics,8,False
Totterer,Tegular,6,False
Tib-cat,Trunnioned,9,False
Temptation,Two-tongued,9,False
Transmissible,Turbination,11,False
Traditionlism,Tripudiary,10,False
Trochleary,Tophin,7,False
Tepee,Transportal,9,False
Turbary,Tremella,7,False
Trochanter,Teguexin,9,False
Tasselling,Teraph,8,False
Tabernacling,Thoracentesis,10,False
Tray-trip,Titubate,8,False
Tremulant,Thirsted,8,False
Tubuliform,Toll,8,False
Tetraptote,Tetraphenol,5,False
Terraculture,Tagbelt,9,False
Trumpery,Tale,6,False
Torrential,Thunny,8,False
Tartuffe,Transubstantiator,14,False
Transfuse,Tret,7,False
Tetrahedrite,Twifold,10,False
Trampling,Trimorph,6,False
To-beat,Tergite,6,False
Toxical,Triturate,7,False
Tenuifolious,Tapir,10,False
Thaler,Timbrel,5,False
Tristy,Theologizing,10,False
Tasselling,Tinnitus,9,False
Tradesmen,Tormentise,8,False
Thio-,Trifler,5,False
Trollopee,Trimethylamine,10,False
Tubbing,Trough,6,False
Twilt,Topaz,4,False
Toscatter,Toleration,6,False
Terre-verte,Terutero,6,False
Trolled,Thrave,5,False
Theme,Toadies,5,False
Tectibranch,Tillodontia,10,False
Turf,Transgressive,11,False
Tomorn,Turfing,5,False
Tremulous,Turnpiked,8,False
Two-handed,Trans-,7,False
Tented,Tropidine,7,False
Trieterics,Tollman,9,False
Tabbies,Tuza,6,False
Twopenny,Tokenless,6,False
Tabulata,Three-sided,10,False
Tuckahoe,Terrienniak,10,False
Trustee,Threaping,7,False
Transudatory,Termes,10,False
Teleozoic,Tricae,8,False
Tuberose,Tossy,6,False
Thesmothete,Tourniquet,8,False
Toddle,Taker,5,False
Tartan,Tire,4,False
Teeter,Tempera,3,False
Tighter,Thickbill,7,False
Toco,Triangular,9,False
Tinkershire,Tegmina,8,False
Teemful,Twelve,5,False
Tenuirostral,Trainable,10,False
Testamentation,Tameless,10,False
Teleosaur,Toddle,7,False
Thousandfold,Traditive,10,False
Transpirable,Thriftily,9,False
To-break,Toffee,5,False
Triturating,Tureenful,9,False
Toothed,Told,4,False
Tunnies,Turnstone,6,False
Tubulariae,Tyros,8,False
Testiness,Thecaphore,8,False
Throstle,Tuatera,7,False
Tyro,Turgid,4,False
Tigress,Torrential,7,False
Triple,Tressel,4,False
Technologic,Twattle,9,False
Technicalities,Turacin,11,False
Tambour,Ticklish,7,False
Triparted,Tetanin,7,False
Trammel,Tetrastyle,6,False
Tiewig,Tillered,5,False
Torpidity,Toothless,7,False
Twelfth-second,Transportant,12,False
Toscatter,Trestle,6,False
Trailer,Tinnient,6,False
Tinemen,Turkic,6,False
Tabu,Transferography,13,False
Teemer,Triding,6,False
Theologized,Thecae,7,False
Turf,Torosity,6,False
Tugboat,Toilet,5,False
Tyger,Travertine,7,False
Tethyodea,Thamyn,7,False
Tendence,Thrasonical,8,False
Telephonic,Te Deum,8,False
Thornbird,Torrid,4,False
Tarin,Telepolariscope,11,False
Taas,Toothpicker,10,False
Twisted,Tripper,4,False
Tire,Tabbies,5,False
Telegraphing,Tridiapason,9,False
Thereunto,Trainbands,8,False
Titillate,Tuft,7,False
Theomachy,Toozoo,7,False
Tyer,Tact,3,False
Tamped,Titanous,6,False
Trapped,Tripedal,4,False
Trifle,Terret,5,False
Telluric,Trochanter,9,False
Thwacked,Technicality,9,False
Tentfuls,Ten-o'clock,7,False
Tegular,Theme,6,False
Theopathy,Taint,7,False
Truncus,Timeless,6,False
Tradition,Tough-head,9,False
Tidytips,Tailoress,6,False
Tyrannical,Tissued,9,False
Tumulous,Taxation,7,False
Transmarine,Tarpaulin,7,False
Tonquin bean,Twinkler,8,False
Tenuis,Turnspit,5,False
Tenant saw,Tornadoes,7,False
Taunt,Trawlboat,6,False
Tractability,Toasted,9,False
Trawlnet,Theophany,8,False
Traceable,Testificator,10,False
Thermopile,Tardation,7,False
Trendle,Telestereoscope,11,False
Tithed,Thirstiness,7,False
Thermally,Titter,8,False
Transformative,Taverning,10,False
Tophus,Truckled,7,False
Torqued,Trainbands,8,False
toyed,Testamur,7,False
Tatting,Tuscan,5,False
Tardo,Therebiforn,8,False
Tschego,Teetotalism,10,False
Transported,Tyrian,9,False
Tabby,Truchman,7,False
Toga,Tasted,5,False
Tawing,Troupe,5,False
Tot,Thrall-like,10,False
Tripodian,Tunable,8,False
Trypsinogen,Throaty,9,False
Touched,Tinct,5,False
Tas,Tartar,4,False
Temerous,Torose,5,False
Trimester,Treasonable,9,False
Tangent,Tripper,6,False
Tossily,Trashily,3,False
Tensile,trades union,10,False
Testaceology,Trichoptera,10,False
Thummie,Tyer,6,False
Tong,Tsarina,5,False
Thorn,Titanite,6,False
Tiffin,Transmigrator,11,False
Taboo,Transactor,7,False
Thecophora,Theologic,6,False
Trilithon,Thwartingly,9,False
Tippet,Tailrace,6,False
Tortive,Top-block,7,False
Taxonomic,Trappist,8,False
Trigonous,Terminative,8,False
Take,Thrifallow,8,False
Taguicati,Trod,8,False
Titbit,Traversed,8,False
Tetramorph,Triobolar,8,False
Thiotolene,Turioniferous,9,False
Terebate,Tenuis,6,False
Trowsed,Tolylene,6,False
Tributing,Truncheoned,8,False
Twattle,Teethed,5,False
Theiform,Trigonocerous,10,False
Theatric,Tetrandrous,8,False
Teewit,Thermogenic,7,False
Timaline,Thankworthiness,11,False
Telson,Truckle-bed,9,False
Tetracid,Troglodytical,11,False
Tapayaxin,Tyranness,7,False
Triglyph,Tidbit,6,False
Thickskin,Tubularia,7,False
Tac,Tophi,4,False
Torqued,Thornset,4,False
Tinchel,Tympany,6,False
Tuf-taffeta,Taunted,8,False
Tannage,Turgesced,7,False
Thaumaturge,Tillmen,9,False
Tabored,Tribunician,9,False
Thermochrosy,Transpositive,11,False
Thumbkin,Thermobattery,9,False
Tinseling,Trilobation,8,False
Thrivingness,Thereafter,9,False
Trachinoid,Tempest,9,False
Testiculate,Trigrammic,10,False
Tellurism,Tetraschistic,9,False
Treasured,Two-decker,8,False
Tenantless,Tough,9,False
Toscatter,Tene,7,False
Thegnhood,Teated,6,False
Tranquilization,Tanning,11,False
Trippant,Trustily,6,False
Tartarized,Thomean,9,False
Tabefying,Taffrail,6,False
Testimonies,Topple,9,False
Transversion,Testicardines,10,False
Text-hand,Treget,8,False
Therefrom,Traditionary,10,False
Tuscaroras,Thieve,9,False
Trilobation,Tuch,10,False
Timelessly,Trade-unionist,12,False
Tesseraic,Trubutarily,8,False
Tensity,Tribunitial,8,False
Timal,Thereunder,9,False
Ticketed,Tautochrone,9,False
Tittle-tattling,Trifasciated,12,False
Thermotics,Transpatronize,11,False
Three-parted,Tombless,11,False
Traject,Tautologize,10,False
Time,Tallyman,6,False
Tetrad,Tamil,5,False
Troubled,Topography,8,False
Treebeard,Tchawytcha,9,False
Tendry,Twelvepence,9,False
Tilburies,Tongue-shaped,10,False
Tepefy,Titularly,7,False
Tractation,Toluylene,9,False
Throating,Trickster,8,False
Trackage,Thalline,5,False
Teraconic,Tracheotomy,7,False
Timeless,Triliterality,9,False
Teacupfuls,Teeter-tail,9,False
Tracing,Tarsal,5,False
Terga,Tosto,4,False
Thorp,Troubler,6,False
Tympanum,Towrope,7,False
Troupial,Train,5,False
Transferrence,Transmitted,7,False
Theanthropical,Timmer,12,False
Tardiness,Tyrant,6,False
Time-table,Tricktrack,8,False
Taxicorn,Teg,7,False
Tortuoslty,Thermomultiplier,12,False
Triumphing,Taconic,8,False
Trajetry,Thrasher,5,False
Trunkwork,Transfiguratien,11,False
Truthness,Toyman,7,False
Taming,Thieving,4,False
Taglock,Trickment,8,False
Tetractinellida,Tinmouth,12,False
Tush,Tristearin,8,False
Top-heavy,Tete-a-tete,9,False
Tubulidentate,Tead,10,False
Topstone,Thunderclap,10,False
Tarrier,Teetered,6,False
Tetragynia,Tithing,7,False
Turbulently,Tumultuariness,10,False
Thermotropic,Tusked,11,False
Triandrian,Trendle,6,False
Three-cornered,Teleozoic,11,False
Transliteration,Trader,10,False
Truffled,Tuberous,7,False
Tabefied,Tricked,5,False
Touze,Tagsore,5,False
Triumvir,Tuatera,6,False
Tagnicate,Tripersonal,10,False
Typographical,Truantly,11,False
Truncated,Thrillant,7,False
Truttaceous,Turko,8,False
Typhlitis,Tamaric,7,False
Thrackscat,Toppescent,7,False
Tridactyl,Truncation,7,False
Tricarbimide,Testaceography,12,False
Tressel,Turanians,7,False
Tabling,Terbic,5,False
Tumultuariness,Thermometrically,13,False
Time,Tautoousian,9,False
Thenadays,Therefrom,6,False
Triangled,Tinnient,6,False
Talmud,Timer,4,False
Tendency,Testamental,7,False
Therefor,Tube-shell,8,False
Treasonous,Tottled,9,False
Theanthropy,Tarsier,9,False
Trochisk,Treatable,7,False
Transparence,Tillet,10,False
Tabulate,Trumpeted,6,False
Temperament,Troopmeal,8,False
Tabid,Tetraptote,8,False
Thin,Trowsed,6,False
Tumular,Trusting,6,False
There-anent,Triseralous,8,False
Tetricous,Transumption,11,False
Townlet,Transpired,7,False
Taglet,Townsfolk,8,False
Testamentize,Track,10,False
Tractarian,Thomaism,7,False
Tumping,Townward,7,False
Tracheophonae,Theistic,10,False
Turnbroach,Tubercula,7,False
Triturable,Tarantulated,7,False
Tiliaceous,Threatful,7,False
Turfmen,Tridentine,7,False
Tricked,Togider,5,False
Tumulose,Tied,7,False
Telling,Tinkered,7,False
Trephine,Tusk-shell,8,False
Trangram,Transflux,5,False
Tradeswomen,Tutsan,8,False
Toftmen,Twinning,6,False
Trapball,Triple,4,True
Thimblerigged,Tabula,11,False
Trustless,Terebra,8,False
Tether,Trinket,5,False
Thornbut,Thumbkin,6,False
Transcript,Thermotics,8,False
Tonca bean,Toadflax,6,False
Thrown,Tear-thumb,8,False
Trencher-man,Trimorphism,10,False
Torminous,Telegraphy,9,False
Trialogue,Torn,7,False
Targumist,Tarweed,6,False
Tilmus,Tyros,4,False
Terrapin,Themis,6,False
Triennial,Transubstantiate,11,False
Tiger-eye,Tolerabolity,9,False
Teeter-tail,Territoried,8,False
Tabernacling,Terrifically,10,False
Theopneusty,Tabefying,10,False
Tice,Transmutation,11,False
Trisection,Tileries,6,False
'T is,Typhous,6,False
Tinting,Trifallow,7,False
Truage,Tectology,7,False
trucking,Terin,6,False
Tonality,Tore,6,False
Tallowing,Temerity,7,False
Theopathy,Townhall,7,False
Thole,Trachelobranchiate,14,False
Trochilos,Trochiscus,3,False
Torrentine,Trestle,5,False
Tranquilizer,Teratological,9,False
Tockay,Tectrices,7,False
Trephined,Tasco,8,False
Tarsometatarsal,Troy,12,False
Tipulae,Terreplein,8,False
Talmudical,Tetrinic,7,False
Terebrant,Trainbands,7,False
Tyger,Transflux,8,False
Theocratic,Tunable,8,False
Turnbull's blue,Teratogeny,13,False
Theriacal,Thomsenolite,9,False
Tartish,Trisagion,7,False
Tarsometatarsus,Thrum,12,False
Truncheoned,Tame,9,False
Thole,Trooper,4,False
Trapping,Transvert,6,False
Tympana,Teewit,6,False
Toysome,Tantalizing,10,False
Torulaform,Transnatation,11,False
Tremando,Toxical,7,False
Triamine,Turbidity,6,False
Toreumatology,Thundershower,12,False
Tawdriness,Turrical,7,False
Tutelage,Tartary,6,False
Trachelipod,Trifallow,7,False
Tubularia,Triandria,5,False
Taberd,Timorsome,7,False
Twinge,Tartaric,7,False
Tenacity,Totalize,5,False
Topped,Tetrahexahedron,12,False
Twilled,Tinctured,6,False
Timing,Torturer,7,False
Taled,Tenuous,6,False
Tew,Tolt,3,False
Tringoid,-strucken,9,False
Toftman,Taliation,6,False
Thwarting,Twenty-fourmo,11,False
Testificator,Tridented,9,False
Tutory,Tributary,4,False
Tubulature,Tagbelt,7,False
Tupaiid,Trod,5,False
Throttle,Tuberculated,9,False
Thermo-,Tripennate,8,False
Thematic,Teeming,5,False
Thecasporous,Tormina,10,False
Ty-all,Tread,4,False
Threatened,Tubed,7,False
Thearchy,Tautologic,9,False
Tectibranch,Tway,9,False
Thunder,Tithed,5,False
Twiddle,Tone,5,False
Tunable,Temporo-auricular,14,False
Trow,Tamed,4,False
Toadstool,To-brest,7,False
Transitorily,Thermochrosy,9,False
Toxophilite,Think,8,False
Trubutarily,Tulip,8,False
Trochilic,Transcendentalism,12,False
Tamine,Temporally,8,False
Triturable,Tremulant,6,False
Thymate,Turgescent,8,False
Tway,Theosophized,11,False
Tabulata,Thoracic,7,False
Thricecock,Thorp,7,False
Thermally,Tabifical,8,False
Twanging,Transposing,5,False
Tauntingly,Trub,8,False
Tradeswomen,Toter,8,False
Tardily,Tatouhou,6,False
Typified,Tagnicate,7,False
Tenuis,Trollopee,8,False
Trichoptera,Turbinite,8,False
Tonne,Tangible,5,False
Tugging,Trigonous,6,False
Toluic,Travailed,7,False
Therefor,Tantamount,8,False
Threnetical,Typified,9,False
Totally,Torpidly,4,False
Traumatic,Telpher,8,False
Thermotropic,Tun-dish,11,False
Thresh,Tiring,4,False
Turbant,Tremex,5,False
toying,Throp,6,False
Toco,Trochee,4,False
Transvolation,Tail,10,False
Tergeminous,Three-cornered,10,False
Trumpery,Thoroughwort,8,False
Tabooed,Trephining,9,False
Tergite,Trews,5,False
Trilobite,Triton,5,False
Trigamy,Titano-,5,False
Teratoma,Tripoline,7,False
Turnus,Tauromachy,7,False
Tipulae,Totipalmi,5,False
Teratological,Teste,10,False
Tithing,Turtling,3,False
Transgressive,Tegulated,11,False
Toilette,Traditor,6,False
Tender-hefted,Turgidity,10,False
Theorize,Thessalonian,7,False
Tmesis,Torsal,4,False
Transgress,Taurocholate,10,False
Tete-de-pont,Tumultuation,10,False
Truckling,Tribual,7,False
Thereunder,Triple-tail,9,False
Thornbut,Termine,6,False
Tosspot,Touchable,7,False
Traitoress,Thymy,9,False
Tribute,Tattered,6,False
Taleful,Turpentine,8,False
Totally,Tristtul,6,False
Teetee,Thriving,7,False
Tallying,Traditionarily,10,False
Tetartohedral,Torchwood,10,False
Tentifly,Tzar,7,False
Triumpher,Tetradymite,8,False
Tourney,Trainbands,8,False
Terbium,Tenebrious,5,False
Triableness,Tickleness,3,False
Trogon,Teinland,6,False
Tripartition,Threnetic,9,False
Thrashing,Temperate,8,False
Trigesimo-secundo,Truantship,14,False
Tragical,Taenidia,6,False
Tetryl,Thrist,5,False
Trilled,Typo,6,False
Tenesmic,This,6,False
Thundrous,Transfugitive,11,False
Trigenic,Tomium,7,False
Thunderworm,Tentaculum,8,False
Tubipora,Torturer,7,False
Tercel,Tepid,4,False
Transubstantiate,Tannin,11,False
Toothed,Tenuifolious,10,False
Torrefying,Tobit,7,False
Tetter-totter,Timist,11,False
Toxotes,Tometous,4,False
Tannable,Tutress,7,False
Trivial,Taper,6,False
Tingid,Tartaric,6,False
Ternion,Thionic,5,False
Tabour,Thirteenth,9,False
To-brest,Trink,6,False
Tarre,Twill,4,False
Tenerity,Tomato,6,False
Top-draining,Terrier,9,False
Tid,Taluk,4,False
Triluminous,Transient,8,False
Terrorize,Transshape,8,False
Thermocautery,Trething,11,False
Tariff,Tamperer,6,False
To-rend,Treaties,7,False
Torrefaction,Tael,10,False
Tetractinellida,Tuffoon,13,False
Transmutationist,Tiercelet,14,False
Tracheary,Tingle,7,False
Timist,Telangiectasy,10,False
Topiarian,Telephone,8,False
Tabbying,Trenchand,7,False
Tarantula,Tourmaline,8,False
Torpescence,Trephined,7,False
Tose,Tortiously,7,False
Tambourin,Turgescency,9,False
Tailboard,Tradeswomen,8,False
Tristitiate,Trachearia,8,False
Tinea,Tartuffish,9,False
Try-square,Tine,8,False
Thitsee,Tarsel,4,False
Taenia,Terrifical,7,False
Testicle,Tautophonical,9,False
Telescopic,Technicalness,10,False
Terraqueous,Toggery,9,False
Tot,Tantalum,6,False
Tercelet,Theoretical,8,False
Three-ply,Tetricity,7,False
Thomsen's disease,Tartronyl,15,False
-tries,Tridented,7,False
Titano-,Termonology,8,False
Top-dressing,Tingent,9,False
Tatting,Trimmer,6,False
Tway,Tendance,6,False
Tendance,Transire,6,False
Trivalence,Tentful,9,False
Twentieth,Tricktrack,8,False
Toilinette,Tautozonal,9,False
Tessellation,Tibiotarsal,10,False
Triceps,Theosophized,10,False
Teewit,Tectly,4,False
Trossers,Thunderhead,8,False
Toluid,Treatably,8,False
To-,Tenuiroster,9,False
Tarente,Toppling,7,False
Tanling,Tamul,5,False
Treasuress,Tampan,8,False
Testification,Tubbing,11,False
Teemed,Tron,5,False
Tartness,Turcomans,6,False
Thaliacea,Theophilanthropic,13,False
Tamis,Thaneship,6,False
Three-leafed,Tawdrily,10,False
Tank,Trachelidan,9,False
Tappet,Tiring-house,11,False
Teutonic,Tidal,7,False
Topsoil,Typhoid,3,False
Tutelage,Tongue-pad,8,False
Timmer,Taglock,6,False
Thionine,Trifallowing,7,False
Tallowed,Territoried,7,False
Thereat,Trachelorrhaphy,10,False
Thryes,Teinland,7,False
Tremolo,Tobogganing,10,False
Trillion,Tolt,6,False
Tschakmeck,Think,7,False
Tyrian,Tormentil,6,False
Tasking,Tileries,6,False
Theosophize,Teraphim,6,False
Topau,Thoroughwax,8,False
Tasseling,Toothbrush,9,False
Talker,Touchback,8,False
Tabulating,Tuberculin,7,False
Tineman,Tiresome,5,False
Tableau,Transferrible,10,False
Tucking,Toughly,6,False
Trebly,Tartar,5,False
Tilde,Tutorial,7,False
Toed,Telepolariscope,13,False
Tradeless,Trifurcate,8,False
Towardliness,Text-hand,10,False
Thornset,Trutination,9,False
Twinling,Twattle,6,False
Twifallow,Tartronate,9,False
Tartarated,Throned,6,False
Talismanical,Talisman,4,False
Trullization,Tottering,10,False
Tranquillizer,Tautozonal,10,False
Toadstool,Temse,7,False
Terrorism,Tubbing,7,False
Tranquillity,Tensile,8,False
Tripartible,Tympanic,7,False
Thimbleeye,Terrible,7,False
Tendosynovitis,Transumpt,11,False
Taoism,Thinned,6,False
Trisnitrate,Trou-de-loup,10,False
Topful,Tegmenta,7,False
Turriculate,towering,10,False
Thalamencephalon,Tuberculization,12,False
Twifallowing,Tessular,10,False
Teil,Tepefaction,8,False
Throating,Tettered,8,False
Terpinol,Trenching,6,False
Typolite,Taxidermist,9,False
Tigress,Truand,6,False
Terse,Temperer,5,False
Trickle,Trilateral,6,False
Transfigure,Terce,9,False
Translatory,Tubivalve,9,False
Tagbelt,Tabooing,6,False
Trochlea,Trisecting,7,False
Tetrasyllabic,Talion,10,False
Tailoress,Terminate,8,False
Trailing,Tidife,5,False
Thermochemic,Tectrices,9,False
Torase,Thermometer,8,False
Te-hee,Tanyard,6,False
Tooth,Tartrated,7,False
Table-land,Tainting,7,False
Tallowy,Terrible,7,False
Turf,Translate,8,False
Teaberry,Topmost,7,False
Typifying,Tempestive,7,False
Thence,Tafia,5,False
Tricksiness,Touchdown,9,False
Transfuge,Triunguli,6,False
Twinner,Tumult,6,False
Tranquilize,Telotype,9,False
Tubbed,Trifallow,8,False
Toiler,Teratological,10,False
Topau,Tesseraic,7,False
Trothplighted,Triplite,6,False
Tragedious,Tantrum,7,False
Thuggee,Tannage,5,False
Temporomalar,Tendry,9,False
Trade,Transverberate,10,False
Typhoon,Tuefall,6,False
Tarrock,Thrall,5,False
Tree,Threefold,5,False
Thus,Two-foot,7,False
Teredos,Tuned,4,False
Tricksiness,tooled,10,False
Truchman,Toquet,7,False
Theosophizing,Trice,11,False
Toled,Timidity,6,False
Trachytoid,Tabularizing,10,False
Transmute,Theologizing,11,False
Ter-tenant,Triptych,8,False
Transferability,Tupmen,13,False
Thereunto,Thwack,7,False
Tridecatoic,Tenent,8,False
Tain,Traveler,6,False
Teazle,Titillation,9,False
Talesman,Torgoch,7,False
Tysonite,Technique,5,False
Toat,Tamine,5,False
Telephonic,Tricarbimide,10,False
Translucency,Thrackscat,9,False
Tenaculum,Twined,8,False
Tabific,Tetraxile,7,False
Tilbury,Tube,5,False
Transpierced,Tippling,10,False
Turmoiled,Tone,6,False
Toyman,Thrackscat,8,False
Tonsilotome,Transgress,9,False
Toothsome,Tangle,7,False
Torc,Thalassic,7,False
Telegrapher,Thoroughbred,10,False
Tyrannicide,Torose,8,False
Thwacking,Turkoman,7,False
Treacher,Thionyl,7,False
Tetrandrian,Turbine,8,False
Tributing,Tendon,7,False
Teretous,Tetanin,6,False
Tiffany,Triumph,6,False
Tinean,Thummie,6,False
Triquetrum,Thy,9,False
Trophi,Tydy,5,False
Tributing,Theriaca,8,False
Terminological,Trenchand,11,False
Trivium,Telegrammic,9,False
Translucently,Timbermen,10,False
Tricarbimide,Tyro,10,False
Trigeminous,Tramping,7,False
Tiring,Taffrail,6,False
Trepan,Treated,4,False
Tylosis,Toyshop,6,False
Theftbote,Tuberosities,8,False
Tachygraphy,Testify,9,False
Tzar,Tubuliform,8,False
Tical,Tetrolic,6,False
Terrel,Taberd,5,False
Transhipment,Teosinte,8,False
Trivialism,Traitorous,7,False
Tables d'hote,Tasseled,9,False
Trichiuroid,Tetraschistic,8,False
Trier,Twinge,4,False
Transvertible,Tway,11,False
Tiro,Tricurvate,7,False
Tussock,Temporize,7,False
Triple,Thebaid,6,False
Tetracid,Transmittal,9,False
Teated,Torpidness,8,False
Telic,Triumphal,8,False
Three-valved,Tessellata,9,False
Twitter,Tripos,5,False
Toll,Tubulibranchian,13,False
Tillered,Tristearin,6,False
Triglyceride,Tail-water,9,False
Trachinoid,Twined,6,False
Tersanctus,Theopathic,8,False
Tablespoonful,tracking,12,False
Tempestuous,Tek,9,False
Tableaux vivants,Tongue,14,False
Tape,Teem,3,False
Topazolite,Tetradrachm,9,False
Threadfin,Touze,8,False
Thunderstruck,Tinting,10,False
Threatener,Torpifying,8,False
Tailing,Tar,5,False
Tetragon,Twinborn,6,False
Tout-ensemble,Trochee,10,False
Toggery,Tietick,6,False
Tiler,Towery,3,False
Tonsilar,Transcriber,6,False
Thoughtful,Toledo,8,False
Tucking,Tablespoonfuls,12,False
Testicond,Texas,7,False
Tallowing,Tearless,7,False
Tough,Treater,6,False
Teeter,Trisyllabic,10,False
Top-shell,Tripalmitin,9,False
Tabbinet,Thermometrically,13,False
Thirlage,Teleozoic,8,False
Towered,Tendrac,5,False
Tauntress,Transmitted,8,False
Transfusible,Thyme,10,False
Tralatitious,Theologizing,9,False
Transformative,Thoth,11,False
Tralation,Triad,6,False
Torrefied,Top-rope,6,False
Tentful,Teagle,5,False
Termonology,Tea-saucer,9,False
Terapin,Teaseled,6,False
Trivium,Torturer,6,False
Tonsile,Trigynous,8,False
Tuitionary,Tradesfolk,9,False
Tumidity,Tristigmatic,9,False
Totemist,Threadbare,8,False
Tawery,Toiling,6,False
Taguan,Tepefied,7,False
Transversal,Tut-mouthed,10,False
Togated,Totear,4,False
Tyronism,Traditionalist,9,False
Tonnage,Turgescence,9,False
Tooted,Tristoma,6,False
Toadish,Tulipwood,8,False
Top-heavy,Trace,7,False
Trijugous,Tabescent,8,False
Traitor,Tulip-shell,9,False
Thretteen,Tactable,7,False
Traumatic,Trifling,7,False
Typical,Tibicinate,6,False
Transcolate,Telespectroscope,11,False
Transshipment,Tampion,9,False
Tinea,Torminous,6,False
Trepidation,Thricecock,9,False
Tipple,Tangent,6,False
Theatin,Tricycle,7,False
Trenchand,Ticklish,8,False
Tetraboric,Timpano,7,False
Timeous,Trierarchises,10,False
Torvity,Telescopy,7,False
Trace,Toccata,5,False
Tarantass,Tailrace,6,False
Triumvirs,To-rend,8,False
Toilette,Tetrandrous,10,False
Troopial,Tricrotic,6,False
Trichocyst,Thallium,9,False
Travelled,Transgressive,9,False
Tubulibranchiata,Tetraboric,12,False
Tuet,Tugging,5,False
Tripersonalist,Transfugitive,11,False
Topic,Thoracometer,9,False
Transanimate,Tristearin,9,False
Tendry,Trisected,7,False
Thunderstriking,Transfeminate,12,False
Tail-bay,Tartarizing,9,False
Temeration,Tetravalence,8,False
Tethered,Tolane,6,False
Teredos,Tolled,5,False
Tup,Twelfth-cake,11,False
Toppingly,Thick-skinned,10,False
Toddled,Threap,6,False
Territories,Trillo,8,False
Titbit,Trypsin,5,False
Trigrammatic,Trilobation,7,False
Tell,Tumulate,6,False
Traitorous,Terry,8,False
Twinkle,Troul,5,False
Tapeworm,Tuscor,5,False
Transcendentalism,tried,14,False
Tatting,Tracheoscopy,10,False
Twighte,Tentiginous,8,False
Tumultuous,Typewriting,10,False
Tankard,Tricrotism,9,False
Trench-plough,Transmove,9,False
Tamaric,Tear-falling,8,False
Trivial,Tummals,5,False
Tetard,Tenfold,4,False
Tottling,Trilinguar,6,False
Transcolate,Thankworthy,7,False
Taverner,Troupial,7,False
Tympanizing,Tupmen,8,False
Transmittance,Truster,9,False
Trumpet-shaped,Thespian,11,False
Toughly,Tangfish,6,False
Trilithic,Theatral,7,False
Tautomeric,Turfy,7,False
Tepefaction,Theurgy,9,False
Tightening,Tigrish,6,False
Transpalatine,Trysting,7,False
Tetanomotor,Tampon,7,False
Tralatition,Tippet,9,False
Toused,Trepidation,9,False
Tampeon,Theca,5,False
Teosinte,Teleocephial,9,False
Theatre,Thiefly,5,False
Theologic,Therefor,6,False
Transdialect,Tautologic,9,False
Turfy,Tutorage,5,False
Te Deum,Taranis,6,False
Thomite,Token,5,False
Tetel,Tenthmeter,6,False
Telerythin,Tenuiroster,8,False
Travailed,Trying,6,False
Tenon,Titillated,9,False
Tentacular,Tribual,7,False
Teyne,Thebaid,5,False
Tanite,Taxine,2,False
Transferee,Tolerated,8,False
Trisulphide,Testate,8,False
Thermograph,Transfreight,10,False
Triple,Turnip-shell,7,False
Tragi-comi-pastoral,Trooping,15,False
Transgressive,Tubercled,11,False
Tucet,Triandrous,9,False
Travertine,Temporofacial,10,False
Tolerated,Tentering,7,False
Topcoat,Telegraphing,10,False
Triptote,Terephthalic,8,False
Tricostate,Titty,6,False
Teemful,Thalassic,8,False
Trumpet-shaped,Transfusive,10,False
Tun-dish,Trippingly,8,False
Tranquilization,Tabacco,11,False
Tunned,Third,4,False
Tilery,Tallow-faced,10,False
Tewhit,Tacet,4,False
Timelessly,Turfing,9,False
Toadstool,Trespassing,9,False
Trancing,Tapiroid,7,False
Tossily,Trawlboat,8,False
Thermoelectricity,'Twixt-brain,15,False
Timal,Tottling,6,False
Tumping,Three-valved,11,False
tooling,Teal,6,False
Theologic,Torta,7,False
Throngly,Tretys,6,False
Tawny,Tickler,6,False
Tilt-up,Tessellata,8,False
Tottling,Tolane,4,False
Triumvir,Thrummed,5,False
Tiercel,Tragic,6,False
To-rent,Thimbleberry,10,False
Thermogenic,Toga,8,False
Tyke,Tautologized,10,False
Terrier,tracing,6,False
Tracheophonae,Translucency,9,False
Trivet,Trophies,5,False
Tampan,Trichocyst,9,False
Tarquinish,Tripel,7,False
Treacher,Tradescantia,8,False
Three-parted,Tunhoof,11,False
Thyrotomy,Theosoph,5,False
Turnicimorphae,Tort,11,False
Telestereoscope,Toy,13,False
Tale,Tatt,2,False
Toused,Thaler,4,False
Togue,Tetrandrous,9,False
Tiring-house,Trompe,8,False
Trebling,Tonga,6,False
Trumpet-tongued,Tubulature,11,False
Tabula,Thibet cloth,9,False
Turn-out,Trickish,7,False
Testoon,Transposing,7,False
Tracheitis,Thereunder,9,False
Trephining,Twelvemonth,8,False
Testern,Thawing,6,False
Tacky,Tanged,4,False
Tergiversate,Triturable,7,False
Theme,Tabular,6,False
Tubulibranchiata,Toccata,11,False
Tergal,Tonometer,8,False
Temerarious,Truthless,9,False
Tarweed,Tweezers,6,False
Tetracarpel,Toluyl,9,False
Transforming,Trachinoid,8,False
Tetragon,Turnip-shell,11,False
Transmission,Terremote,10,False
Tricorporal,Trichomatose,7,False
Trapan,Taxidermist,9,False
Talismanical,Tardy,10,False
Tipsily,Tracer,6,False
Tangerine,Thyrotomy,8,False
Trunk,Tartarine,6,False
Thuya,Tot,4,False
Thrashing,Trifoliate,8,False
Trothless,Tammy,8,False
Talismanic,Thalamiflorous,10,False
Thereto,Thoughtless,8,False
Thanage,Tablespoonfuls,12,False
Triglyphical,Togider,9,False
Typhomania,Tread,8,False
Toat,Termagancy,8,False
Transforming,Talegalla,10,False
Turntable,Traducible,6,False
Transcalency,Trigonous,10,False
Tableau vivant,Tamboured,11,False
Trebuchet,Tablespoon,9,False
Trophic,Texturing,7,False
Tetrazo-,Treasurer,7,False
Theopneusted,Tapoa tafa,10,False
Truth-teller,Trafficking,10,False
To-rent,Tin,5,False
Texturing,Teufit,5,False
Trick,Tubularida,7,False
Tagged,Tegmental,6,False
Timepleaser,Toiled,8,False
Terebenthene,Tripartible,8,False
Throwing,Tun-great,8,False
Trachearia,Toyful,9,False
Theurgic,Tarsi,5,False
Tricipital,Treeful,7,False
Triformity,Trencher-man,9,False
Thunny,Thomite,5,False
Tantivy,Trolled,6,False
Three-pointed,Tortuous,10,False
Tardigrada,Top-proud,8,False
Transatlantic,Tolylene,10,False
Transformable,Townsmen,9,False
Tetartohedrism,Touze,12,False
Testamentize,Thrumwort,10,False
Theatrical,Tour,8,False
Trainy,The,5,False
Tremulant,Turfen,7,False
Tameness,Tripos,6,False
Trajectory,Thallium,8,False
Tufaceous,Timoneer,7,False
Tabu,Transposable,9,False
Taphouse,Trias,6,False
Tokening,Transplacing,8,False
Tilt hammer,Teagle,8,False
Turkic,Tranquilizing,10,False
Tarsus,Turbinate,7,False
Toucan,Turfman,4,False
Twisting,Twanging,3,False
Theogonist,Tabanus,7,False
Tailstock,Trilithic,5,False
Tetrathecal,Theoretics,7,False
Taxel,Tuz,4,False
Teaseler,Tussac grass,9,False
Tarsale,Taction,5,False
Thermifugine,Tenuious,8,False
Tuberculated,Transshape,9,False
Thwarted,Truculency,8,False
Theocratic,Threne,7,False
Theory,Triality,6,False
Tene,Termes,3,False
Temptationless,Tracheary,12,False
Tantalize,Trench,8,False
Thereinto,Towhee,7,False
Tunicate,Teeter,6,False
Tirma,Tapered,5,False
Tarpaulin,Tough-head,9,False
Toshred,Theses,5,False
Tabler,Transference,8,False
Textuary,Temporizing,9,False
Tourbillion,Trim,8,False
Tallowed,Transshipment,10,False
Trajet,Tripsis,5,False
Tetterwort,Twirl,7,False
Thievish,Tubercled,7,False
Tinto,Telegraphing,10,False
Teine,Tout,4,False
Toothwort,Tribual,8,False
Third,Tullian,5,False
Threaden,Tubmen,5,False
Twagger,Trapezohedron,9,False
Thermobarometer,Tanka,13,False
Tainted,Tormentful,7,False
Tunnelled,Trammelling,7,False
Timelessly,Tubfish,8,False
Tauntingly,Trained,7,False
Turpitude,Taxine,6,False
Trammeling,Tridentate,8,False
Thy,Tableau vivant,13,False
Trench-plough,Tottery,12,False
Taw,Thalloid,6,False
Termination,Truismatic,6,False
Toilless,Terpin,7,False
Transmutable,Tessellating,10,False
Thinness,Terebratuliform,14,False
Tricker,Triumpher,4,False
Tubicolar,Tafia,6,False
Tempering,Thoracostraca,11,False
Tigh,Topical,5,False
Terpsichorean,Tabooed,10,False
Trochee,Trousering,6,False
Tandem,Teak,5,False
Trucking,Trilithic,7,False
Tumble-down,Tariff,10,False
Tottlish,Torrentine,7,False
Tunicary,Turfed,6,False
Tonsor,-strucken,9,False
Teint,Triptych,5,False
Tabulated,Twiggy,8,False
Toddler,Tubicolar,6,False
Tartarizing,Theme,10,False
Tautologist,Tripel,9,False
Tithingmen,Tripoline,7,False
Thimbleful,Transcendence,11,False
Terebinthine,Tetracarpel,10,False
Trabu,Treeless,6,False
Thretty,Taborer,6,False
Tek,Tigerine,6,False
Tanned,Tendriled,5,False
Tawed,Tossy,4,False
Tachhydrite,Telephonic,9,False
Torchlight,Touze,8,False
Tersanctus,Tilt-mill,9,False
Tape,Tubfuls,6,False
Transplendency,Trough-shell,11,False
Tanner,Transference,7,False
Tallyho,Tardity,5,False
Teaseler,Temporist,7,False
Theologer,Three-score,7,False
Tangentially,Touter,10,False
There,Transshaping,10,False
Tabby,Tavernmen,7,False
Throatwort,Trabeculae,9,False
Triflorous,Trabecula,8,False
Taxonomic,Turio,7,False
Trirectangular,Tubiporite,13,False
Thoracoplasty,Truculently,8,False
Transportation,Teratical,10,False
Torrefying,Threadiness,7,False
Thrittene,Transanimated,10,False
Tamping,Therapeutic,9,False
Ticktack,Tut-workmen,9,False
Turmoil,Thanksgiving,10,False
Tote,Throatwort,7,False
Transnature,Theodicy,10,False
Thirtieth,Triplicity,6,False
Technicality,Tentaculiferous,11,False
Tressful,Tetrarchate,9,False
Torrential,Tailored,9,False
Treadmill,Traveling,6,False
Tarre,Teemed,4,False
Throughly,Ternate,7,False
Thrasonical,Tooth,9,False
Tasting,Tunned,6,False
Trancscendental,Truckle-bed,10,False
Testator,Trumpetwood,8,False
Transcontinental,Trayfuls,13,False
Tide-rode,Tripeman,7,False
Tinctured,Trigynia,8,False
Thienone,Tergite,6,False
Thegn,Treatise,6,False
Tambouring,Tantivy,7,False
Tubulated,Troubler,6,False
Talipes,Trial,5,False
Threshwold,Taverner,8,False
Transhumanize,Turatt,10,False
Transubstantiate,Tripolitan,11,False
Tinselly,Together,7,False
Tittle,Trafficless,8,False
Teenage,Tristy,6,False
Toffy,Thermometry,8,False
Temporal,Tangency,7,False
Teret,Thermoelectricity,12,False
Tzetze,Tonguing,7,False
Thyine wood,Tarred,8,False
Tetryl,Thulium,6,False
Tapetis,Tepefying,5,False
Tortiously,Triumvir,7,False
Testified,Taxonomy,8,False
Turbulency,Trappean,7,False
Teeth,Terebene,5,False
Three-decker,Transparence,10,False
Toccata,Tartareous,8,False
Trebled,Three-flowered,8,False
Toeing,Trochometer,8,False
Thorough-lighted,Tourniquet,11,False
Thermomagnetism,Tablature,12,False
Taurocholate,Tussock,9,False
Threave,Tarweed,5,False
Tomaley,Tetragynous,9,False
Though,Teacupful,7,False
Tafferer,Tormentress,7,False
Testacea,Tubby,7,False
Tyrannize,Tol,8,False
Tinseling,Tunicary,7,False
Thymene,Triding,5,False
Tipsily,Transverse,8,False
Thwacked,Theatine,5,False
Throttler,Thrid,6,False
Truculence,Translative,7,False
Throatband,Teeter-tail,9,False
Transmeation,Three-pointed,11,False
Thalli,Tabooed,6,False
Thulium,Tylarus,5,False
Turgidity,Tiara,7,False
Troy,Touch,4,False
Topiarian,Tawniness,8,False
Turkish,Twist,4,False
Tether,Timeful,6,False
Tipstaff,Top-chain,6,False
Triangular,Transexion,7,False
Tim-whiskey,Trigeminal,9,False
Technique,Tentif,6,False
Turribant,Tzaritza,6,False
Trachitis,Thimbleberry,11,False
Toothdrawer,Tisicky,10,False
Trapezate,Tallymen,7,False
Terebrating,Tarpan,7,False
Twelvemonth,Tronator,9,False
Toupee,Tardigrade,8,False
Tropical,Tellurite,8,False
Tallymen,Taro,6,False
Twilt,Transfusive,9,False
Toparchy,Trackage,7,False
Transhipment,Tempting,9,False
Tartarean,Teleology,8,False
Trip hammer,Tisicky,9,False
Track,Triblet,5,False
Terracing,Trainband,7,False
Typocosmy,Troop,6,False
Tintinnabular,Tendered,11,False
Those,Trochisci,6,False
Theurgical,Tigerish,7,False
Tuberosities,Tuitionary,9,False
Temperance,Transporting,9,False
Tranquillizer,Tentful,10,False
Tableed,Two-decker,7,False
Tonometry,Triticum,8,False
Tenioid,Tomahawked,8,False
Tub,Timist,5,False
Trilobite,Thallene,6,False
Tungstic,Tiglic,4,False
Trustiness,Thuringite,7,False
Trammelled,Truffled,5,False
Telegraphist,Totalize,9,False
Tissued,Troche,5,False
Topographical,Tragi-comical,8,False
Templed,Tossy,6,False
Torso,Theropoda,6,False
Taverner,Timely,6,False
Transforate,Twiner,8,False
Taira,Told,4,False
Tripartition,Treeing,9,False
Trouveur,Thallic,7,False
Tapir,Talmudical,7,False
Taled,Transferrible,10,False
Trench-plough,Theopathy,10,False
Transmutual,Thalamus,7,False
Tatu,Trompe,5,False
Tuberculum,Toothdrawer,10,False
Triclinate,Tsebe,8,False
Torques,Tendance,7,False
Turtle-footed,Theorica,10,False
Thole,Taw,4,False
Tough-pitch,Terras,10,False
Thule,True-penny,7,False
Taxonomist,Techily,8,False
Tellurize,Toque,6,False
Toothless,Tarot,7,False
Tue-irons,Tranquilly,9,False
Tinseling,Transmeatable,9,False
Tabooed,Tiptoe,4,True
Taoism,Terebrating,8,False
Tithymal,Truckle-bed,10,False
Triclinate,Tamarind,7,False
Timenoguy,Trionychoidea,10,False
Terret,Tappester,6,False
Touchhole,Toady,7,False
Twangle,Thoroughbred,9,False
Tabulated,Thick,8,False
Traverser,Thracian,7,False
Tether,Tokin,5,False
Trist,Tolane,5,False
Tachygraphic,Tarsorrhaphy,7,False
Turnover,Touser,5,False
Tucket,Tippet,3,False
Talukdar,Tomato,7,False
Twopenny,Troyounce,6,False
Trimness,Tulipwood,7,False
Typing,Transcurrence,11,False
Thermometry,Tautophony,8,False
Treasury,Teens,5,False
Thave,Tetartohedrism,11,False
Tenpenny,Torchwood,8,False
Tridentated,Tokening,8,False
Transferography,Tannery,9,False
Transferrer,Terminology,10,False
Transporter,Textuarist,9,False
Thalami,Thief,5,False
Tunker,Thysbe,5,False
Theosoph,Trochilics,9,False
Tentacle,Tergeminous,9,False
Travailing,Tripel,7,False
Treague,Thecla,5,False
Thru,Teaser,5,False
Tewing,-nies,5,False
Thimbleeye,Torchwood,9,False
Tannin,Texas,5,False
Terebic,Tappice,5,False
Tacksmen,Tabefied,5,False
Toilet,Tubulated,6,False
Twigged,Taxology,7,False
Thanksgiving,Toluylene,10,False
Thysanoptera,Treadle,9,False
Trogonoid,Twitting,8,False
Tweer,Twitter,3,False
Tamias,Triquadrantal,10,False
To-day,Tubularida,8,False
Thridded,Trochantine,9,False
Telepolariscope,Thencefrom,11,False
Tetraspaston,Theriodont,9,False
Tithonometer,Thalami,9,False
Talipot,Tricolor,6,False
Total,Tales,4,False
Testaceography,Transcendentalism,13,False
Thriftiness,Trigrammic,8,False
Thummie,Tryster,6,False
Tradeless,Terminating,9,False
Theopneusted,Taurocholate,9,False
Tighten,Toleration,7,False
Transduction,Thalamocoele,9,False
Toasting,Touse,5,False
Transanimated,Tripe,9,False
Transpadane,They,10,False
Trichopter,Tattle,8,False
Two-decker,Tented,7,False
Tamperer,Theologize,9,False
Tablespoonfuls,Tinsel,11,False
Translatitious,Temporary,12,False
Tideway,Tenues,6,False
Tablemen,Trew,6,False
Thumper,Traditor,6,False
Tolling,Tautegorical,10,False
Treasonable,Theosophize,6,False
Tanyard,Talismanic,7,False
Trichiuriform,Tingis,10,False
Titanotherium,Tee,11,False
Triliteralism,Tewed,11,False
Tonsilotomy,Trousering,9,False
Ten-strike,Terrace,6,False
Tubularia,Thalassography,11,False
Tubipore,Translatable,10,False
Toothshell,Trifarious,9,False
Tralatitiously,Titubate,11,False
Tangle,Turk,5,False
Tapinage,Thermotype,8,False
Threste,Trinucleus,8,False
Tauridor,Toftman,7,False
Torvity,Tannery,5,False
Tonsil,Typhos,5,False
Trebly,Taluk,5,False
Training,Tetard,7,False
Tolerance,Tinny,7,False
Tend,Thalamic,7,False
Teg,Tuatera,5,False
Thalassian,Tapoa tafa,8,False
Thickening,Thoroughsped,10,False
Topography,Toxin,8,False
Termini,Tumbrel,6,False
Tropologic,Tributariness,10,False
Thearchy,True,6,False
Turnpiked,Tek,7,False
Testaceology,Trogonoid,9,False
Tannage,Trevet,6,False
Trochili,Throdden,6,False
Typhomania,Taking,8,False
Troopship,Thaliacea,8,False
Tindal,Turacoverdin,10,False
Tamkin,traced,6,False
Testified,Trabeculate,9,False
Trophies,Triceps,5,False
Tympanist,Throaty,7,False
Tragopan,Trottoir,6,False
Transpalatine,Thaumaturgist,10,False
Tinsel,Tetes-de-pont,10,False
Tempted,Thicken,5,False
Teaselled,Terracing,7,False
Tigrine,Tazza,6,False
Trenton period,Tomaley,11,False
Tything,Thoracostraca,11,False
Thiefly,Typified,6,False
Taurocholic,Towed,9,False
Tressed,Tonometry,7,False
Taxability,Tike,8,False
Tetradic,Teaming,5,False
Tipulary,Theatric,7,False
Tardigrada,Troubling,8,False
Theatric,Tortoise,6,False
Turiole,Tift,5,False
Telephony,Trachyspermous,11,False
Tergeminate,Thereby,8,False
Tawer,Tralatitiously,12,False
Taxine,Tetradecapoda,11,False
Trafficable,Tamable,5,False
Torteaus,Torpified,6,False
Trinitrocellulose,Taproot,13,False
Trench,Tenaculums,7,False
Typographer,Trilobed,9,False
Tipple,Technics,7,False
Trying,Testicond,6,False
Trinitarian,Thorite,8,False
Temporary,Tomenta,6,False
Tumefying,Transom,8,False
Trieterical,Thrumwort,9,False
Trimly,Terrorless,7,False
Theocrat,Tripling,7,False
Trigrammic,Thatching,9,False
Toman,Trashing,6,False
Tongueworm,Thronging,8,False
Throe,Tristitiate,9,False
Tantalization,Twinner,11,False
Tokening,Tobacconing,5,False
Taction,Teetee,5,False
Telescopic,Tell,7,False
Thrummy,Tangun,6,False
Tinting,Torinese,6,False
Translative,Transmeatable,5,False
Tappester,Tipula,7,False
Taskwork,Thee,7,False
Thyrsi,Twiggy,5,False
Telegraph,To-rent,7,False
Taxable,Tack,5,False
Tighten,Tibialia,6,False
Tridecane,Tangible,7,False
Trachelidan,Thralldom,7,False
Thinking,Trifallowing,7,False
Turnbull's blue,Tydy,14,False
Telescope,Thick-winded,10,False
True-bred,Trailing,7,False
Temerous,Threaden,6,False
Transversely,Topless,9,False
Tithingmen,Throned,7,False
Trumped,Triumphing,5,False
Transcendentalism,Tacky,14,False
Tongue-shell,Turonian,10,False
Tamperer,Trumped,5,False
Tongue-pad,Therapeutics,10,False
Torpified,Taglia,7,False
Thankworthiness,Testificator,14,False
Titan,Tray,3,False
Trebled,Turnstile,6,False
Tonnihood,Trolley,8,False
Turnep,Tachygraphy,9,False
Thin-skinned,Touch-paper,10,False
Tallyho,Tronator,6,False
Tammy,Tartly,3,False
Tantalic,Tarn,6,False
Toll,Theosophize,9,False
Tautochrone,Thickening,9,False
Theobromic,Taro,7,False
Transmute,Tuberous,7,False
Tamped,Tarentula,7,False
Tinsmith,Tainting,5,False
Toxicologist,Tentation,10,False
Trivant,Toparchy,7,False
Taurocholic,Trousers,8,False
Taxonomic,Treasuress,9,False
Trippingly,Transprint,7,False
Tangental,Traducianism,9,False
Turkism,Toughly,6,False
Theorbist,Tactile,7,False
Tripudiation,Transumption,6,False
Transcend,Tameable,7,False
Totemic,Tetragynous,9,False
Trowl,Thickhead,8,False
Thallate,Thallous,3,False
Thundered,Tantamount,9,False
Thewed,Tribal,5,False
Tradescantia,Tradeful,7,False
Tinker,Transume,6,False
Triarchy,Terminus,7,False
Trichromatism,Thirled,10,False
Transfixed,Tetrachotomous,11,False
Trigger,Talmudic,7,False
Transport,Tarsier,5,False
Tiresome,Tunny,7,False
Taglock,Transshaped,9,False
Taro,Trewth,5,False
Thranite,Turfmen,6,False
Tilbury,Trailing,6,False
Tartronyl,Therewithal,8,False
Threshed,Thorough bass,9,False
Tripping,Tarpum,6,False
Thrombus,Tenonian,6,False
Trochlear,Tricolored,6,False
Turmeric,Targeted,5,False
Tormina,Textual,6,False
Tarragon,Thrummed,6,False
Tormentful,Talc,9,False
Temulent,towering,7,False
Typifier,Tatt,7,False
Take-in,Transmigrator,10,False
Testamentation,Thunder,12,False
Triradiated,Ty-all,9,False
Turtler,Technicology,10,False
Trichoscolices,Thrifallow,11,False
Tenthly,Tokay,5,False
Tadpole,Transfund,7,False
Thysbe,Tweyfold,6,False
Twangle,Thoroughwort,10,False
Transcolate,Tubeworm,9,False
Taunt,Transplanting,9,False
Thornbird,Tegmentum,8,False
Tricot,Teraph,5,False
Typhoid,Tectibranchiate,13,False
Tartish,Traditionaries,10,False
Tetrapharmacom,Tousel,13,False
Temporalty,Tare,8,False
Tussock,Trashily,6,False
Tetrapnuemonian,Tricuspidate,12,False
Tantalism,Tricktrack,9,False
Trabecular,Trough-shell,10,False
Twelfth-second,Toured,11,False
Triquetrum,Thuringite,8,False
Tedium,Tankard,6,False
The,Talmudist,8,False
Travel,Tomrig,5,False
Turko,Transmigrant,10,False
Twaddling,Teade,6,False
Transprose,Tubuliform,8,False
Trommel,Thamnophile,8,False
Tail-water,Trivial,7,False
Teasel,Trimorphous,10,False
Temple,Throe,4,False
Triangularity,Thirlage,9,False
Telson,Trochal,6,False
Trihoral,Trunnion,6,False
Trirhomboidal,Thysbe,10,False
Throat,Tragi-comic,9,False
Trepeget,Tollable,7,False
Tyrociny,Tangram,7,False
Threshold,Teil,6,False
Taking,Tasker,4,False
Towned,Tetanic,5,False
Tribunitian,Tumulosity,8,False
Tenaculums,Targums,5,False
Taur,Termonology,10,False
Tautologize,Theologue,5,False
Trimming,Thecodont,7,False
Tranquilliized,Transitoriness,8,False
The,Traditionlism,12,False
Thrasonical,Teewit,9,False
T cart,Technicalities,10,False
Turreted,Turnwrest,5,False
Tritheistic,Tarentula,9,False
Thallium,Tiptoe,7,False
Torrid,Truismatic,8,False
Trachytic,Thermobarometer,11,False
Testicond,Tasset,7,False
Thereby,Thamnophile,9,False
Tranquilliized,Tremolando,11,False
Twire-pipe,Taleful,8,False
Tooted,Tragi-comic,9,False
Tempest,Transforate,9,False
Tiredness,Thoroughwax,9,False
Taoism,Three-lobed,9,False
Tragi-comic,Tenia,9,False
Thuggee,Thither,4,False
Tanite,Tremble,5,False
Tugan,Trabeculate,8,False
Tomrig,Transmeatable,11,False
Terminated,Turkey,7,False
Thionoline,Trimming,6,False
Triangulated,Thrustle,9,False
To-rent,Tepefaction,9,False
Trichotomous,They,10,False
Tendency,Tough-head,9,False
Tempo,Trophonian,7,False
Tremolite,Trisnitrate,7,False
Thirdly,Toft,6,False
Tablespoonful,Tercel,10,False
Turbidity,Tumefy,6,False
Torrock,Trapstick,6,False
Tablature,Tubularida,6,False
Tetard,Tilley,5,False
Ta,Terminist,8,False
Triumphal,Thyrsus,8,False
Tape,Tonight,6,False
Tachygraphic,Transverberate,11,False
Tulle,Trammeled,6,False
Tripsis,Trail,4,False
Turbit,Tenebrous,7,False
To-day,Tongue,4,False
Toxodonta,Thuringian,8,False
Taxiarch,Terracing,7,False
Ta,Taliation,7,False
Teredo,Thaliacea,8,False
Taconic,Trivialities,9,False
Teller,Tinctured,7,False
Trull,Turnpiked,7,False
Tiller,Transpalatine,11,False
Tula metal,Trochilidist,11,False
Tuckahoe,Turnbroach,7,False
Terpene,Turtling,5,False
Tyran,Thermally,6,False
Tissuing,Transgressing,7,False
Trajected,Thelphusian,10,False
Tabor,Toadstool,6,False
Tableed,Tical,6,False
Trifling,Thienyl,6,False
Three-piled,Thinker,8,False
Tabulation,Trivially,8,False
Transship,Tholing,8,False
Tapping,Teeter,6,False
Transmarine,Transmissive,4,False
Tolerance,Twilight,8,False
Tenableness,Thessalian,9,False
Tibio-,Technologic,9,False
Tonguefish,Tarrock,9,False
Tartronate,Tubularida,9,False
Trumpet-tongued,Tomjohn,12,False
Tapiroid,Transposable,9,False
Traditionist,Tutorial,8,False
Trephine,Terza rima,7,False
Tajassu,Transitoriness,11,False
Tortious,Talpa,7,False
Tellurhydric,Twifold,10,False
Traffic,Twigging,6,False
Thrasonical,Transmitter,8,False
Tidewaiter,Temptability,9,False
Titled,Trajected,6,False
Thirties,Temporariness,8,False
Thrashel,Tetryl,6,False
Thalassinian,Theanthropy,9,False
Tragedienne,Threshing,8,False
Toady,Tiffing,6,False
Tindal,Trinomial,4,False
Twink,Treasuries,8,False
Three-score,Traductive,8,False
Thallious,Tenacity,7,False
Toxical,Tooter,5,False
Trade,Truckler,5,False
Tortuous,Tapiroid,6,False
Tee iron,Teemed,5,False
Twelfth-day,Toyshop,9,False
Tim-whiskey,Theatric,9,False
Turbit,Tyrotoxicon,8,False
Tubivalve,Traulism,8,False
Topsmen,Tartaric,7,False
Tumultuariness,Teacupfuls,11,False
Terry,Tomfoolery,7,False
Tab,Tetradic,6,False
Turfmen,Tapestry,7,False
Tachyglossa,Thuringian,9,False
Temporalness,Torcher,8,False
Traphole,Tram,5,False
Torsional,Tinstone,5,False
Trigastric,Trumpery,7,False
Tearing,Tympanum,6,False
Toddle,Throstle,4,False
Tallowing,Triumphing,6,False
Tractarianism,Trigesimo-secundo,14,False
Twenty,Tremando,5,False
Treatably,Threne,7,False
Transmogrify,Trowelful,9,False
Ternate,Truncated,4,False
Ticketing,Torpitude,7,False
Thrum-eyed,Teleorganic,10,False
Towardliness,Transformer,10,False
Triply,Trickment,6,False
Tetradrachma,Transmigrate,10,False
Thermotical,Torsion,8,False
Ticked,Tittlebat,6,False
Tarlatan,Tramping,6,False
Teddered,Tinseling,7,False
Trachystomata,Tentory,10,False
Timber,Threave,6,False
Top-proud,Tesserae,7,False
Tentfuls,Transversal,8,False
Typology,Tram,7,False
Torque,Tholing,5,False
Tanier,Thoroughly,9,False
Tetradic,Ten-pounder,8,False
Telephony,Taenia,7,False
Teemer,Thwarter,5,False
Thinness,Testiere,6,False
Tabescent,Topple,7,False
Testacy,Tar,5,False
Trimmingly,Tug,8,False
Tropilidene,Trajetour,9,False
Touter,Theomachy,7,False
Treeful,Trumplike,7,False
Torporific,Trainbands,9,False
Tenuirosters,Typhon,10,False
Theorize,Thermometrograph,11,False
Tibiotarsal,Tali,9,False
Trifler,Tallage,6,False
Tribble,Troyounce,6,False
Tea-saucer,Teledu,7,False
Trochili,Tetrad,7,False
Tipper,Triumph,5,False
Transferability,Tetrarchical,12,False
Tartuffish,Tokenless,8,False
Transmeate,Trade union,8,False
Transmutual,Trippant,8,False
Terbic,Trapstick,6,False
Trogonoid,Twig,7,False
Telegraphed,Taqua-nut,9,False
Tholed,Twinkling,7,False
Thrushel,Tainture,7,False
Tetchy,Tightened,7,False
Trihedral,Trisuls,6,False
Thermotaxic,Theatine,7,False
Toadhead,Teated,4,True
Trolling,Triangular,8,False
Trackmaster,Tenuifolious,11,False
Tewel,Tartarean,7,False
Tumuli,Turtlehead,7,False
Ting,Trirhomboidal,11,False
Transmeatable,Trickle,9,False
Toyman,Toothbrush,8,False
Triliteralism,Translucency,11,False
Tempean,Tableaux,5,False
Tipcart,To,6,False
Tetradecane,Tympanitis,9,False
Theses,Thak,4,False
Tracheitis,Tarragon,8,False
Tetraphenol,Tombester,9,False
Tailpiece,Thermometrograph,14,False
Tendon,Telescopical,9,False
Trayful,Teleostei,8,False
Three-lobed,Tribunician,10,False
Tinnen,Tac,5,False
Trembling,Thiocarbonate,11,False
Tent,Theorica,6,False
Tinware,Treen,6,False
Trembling,Timothy,7,False
Tare,Terminant,7,False
Template,Twaddle,6,False
Tepee,Terminative,8,False
Top-dressed,Tetrahexahedral,11,False
Tofus,Tumultuous,7,False
Tranect,Tramble,4,False
Throve,Thecata,5,False
Tetrazone,Tridentate,8,False
Tartarated,Thridding,8,False
Texturing,Tyranny,7,False
Toom,Telary,5,False
Toman,Treatable,7,False
Transactor,Trifarious,7,False
Transferography,Torase,11,False
Tinternell,Trabecula,7,False
Tweague,Toise,5,False
Tenacity,Tense,5,False
Tac,Transfixion,9,False
Turntable,Thoracic,7,False
Transpiration,Trunkfish,9,False
Tasseled,Tacket,5,False
Trapanner,Tsetse,7,False
Thill,Tene,4,False
Tined,Through,6,False
Tull,Tailoress,7,False
Taqua-nut,Trough,7,False
Triolein,Tessellata,8,False
Trough-shell,Tear,10,False
Taeniae,Transparency,8,False
Trihoral,Taste,7,False
Travesty,Torase,5,False
Trichiuroid,Tricksy,7,False
Terrify,Tredille,6,False
Trematode,Transmuter,7,False
Turncoat,Thinned,6,False
Toozoo,Tepefy,5,False
Tobogganist,Thick-knee,9,False
Trender,Tersanctus,7,False
Toupee,Trithionic,9,False
Tetragynia,Tatouay,7,False
Tallowish,Turn,8,False
Tympanum,Tarso-,7,False
Tibiae,Tidings,4,False
Thumb,Thrifallow,8,False
Tenderness,Tribracteate,10,False
Tasseled,Terebration,10,False
Tabetic,Tryster,5,False
Tenderness,Tything,8,False
Towage,Toppingly,6,False
Trinitarianism,Terracing,10,False
Tubularia,Transcriber,8,False
Tasking,Tweague,6,False
Toluyl,Tropically,7,False
Tempestivily,Taxidermy,10,False
Terneplate,Turkos,8,False
Treachery,Templed,6,False
Trippet,Turbit,5,True
Technicology,Tenthly,7,False
Trainbearer,Throneless,8,False
Thereabouts,Transmutual,9,False
Trend,Tinselly,6,False
Transplendent,Travertine,8,False
Troglodytical,Together,9,False
Tapiser,Thoracic,7,False
Triunguli,Tollmen,8,False
Tardily,Typhon,6,False
Turnverein,Tallies,8,False
Transvection,Tenant,9,False
Three-handed,Tomfool,11,False
Tachygraphy,Tramroad,9,False
Than,Trolled,6,False
Tiebar,Topple,5,False
Trimetrical,Treeful,7,False
Tragacanth,Twittingly,9,False
Trainel,Tenant saw,8,False
Tice,Troop,4,False
Tanner,Tome,4,False
Tendonous,Tiercet,8,False
Trenching,Tricarbimide,9,False
Tangent,Teetotal,7,False
Thawy,Thiller,5,False
Thud,Triviality,9,False
Truckmen,Tamias,7,False
Tortuous,Tracheobranchia,12,False
Thermometry,Tonsorial,9,False
Trimurti,Temperancy,8,False
Teetotalism,Twagger,9,False
Trichromatism,Transuded,11,False
Therefore,Transfeminate,10,False
Tined,Turnplate,7,False
Transversed,Tramper,6,False
Top-tool,Thick wind,9,False
Tull,Theophilosophic,13,False
Teetered,Twinned,5,False
Tenpins,Tungstic,6,False
Temperancy,Thoroughbred,11,False
Trierarch,Transudation,9,False
Truly,Tibrie,5,False
Traipse,Telpher,5,False
Two-ranked,Transversed,8,False
Trant,There,4,False
Triliteral,Thorough,9,False
Trivet,Tome,4,False
Tumbled,Tiptop,6,False
Transfiguring,Trapes,10,False
Tartrazine,Temporizer,8,False
Travesting,Timidous,9,False
Theist,Talaria,6,False
Trojan,Toller,5,False
Terebration,Tuna,9,False
Tricolor,Tendon,6,False
Trowsers,Tivy,7,False
Til tree,Trampling,8,False
Te Deum,Tical,6,False
Therial,Too,6,False
Transpassable,Terebratuliform,13,False
Tottery,Triploidite,9,False
Tipper,Treed,4,False
Tillable,Tom,7,False
Twayblade,Tuitionary,8,False
Tetrapteran,Thiocyanic,10,False
Trigynian,Trijugate,6,False
Turban,Two,5,False
Tongue-tied,Twentieth,7,False
Tinnock,Testae,6,False
Thanatoid,Thundrous,5,False
Toxiphobia,Terebrating,9,False
Tip-up,Terza rima,9,False
Tetrahedral,Tronage,8,False
Taas,Theorematical,10,False
Trichopterous,Transvasate,11,False
Teraphs,Thermomultiplier,12,False
Transregionate,Trancing,8,False
Tafia,Translation,8,False
Topau,Tole,3,False
Ta'en,Truth-teller,10,False
Tending,Teemless,6,False
Testudo,Towy,6,False
Tentifly,Tope,7,False
Tonne,Thill,4,False
Townhall,Terapin,7,False
Trevat,Tolletane,6,False
Trade-mark,Tubal,8,False
Touchback,Thirsted,8,False
Tergant,Tasker,6,False
Tetradite,Torricellian,9,False
Trilocular,Trochilic,6,False
Top-shaped,Tufa,8,False
Trivialities,Tetraschistic,10,False
Twifallow,Treat,7,False
Toxicologist,Tropist,7,False
Tempestivily,Toadlet,10,False
Theosophical,Thessalonian,7,False
Telegrammic,Tautozonal,10,False
Tonguebird,Tertiary,8,False
Totalness,Trant,6,False
Tricornigerous,Threnode,10,False
Tetroxide,Thistly,8,False
Third-borough,Toise,11,False
Tautology,Tomelet,7,False
Transnatation,Triunity,9,False
Tost,Turonian,6,False
Tidy,Tapiroid,6,False
Telamones,Thorium,8,False
Transplace,Temulency,8,False
Twigless,Trink,6,False
Tucked,Train,5,False
Tulip-shell,Tender,9,False
Toppescent,Trochili,9,False
Thirties,Transduction,9,False
Trompil,Trowelful,5,False
Tankling,Thalamencephalon,12,False
Thundering,Totem,8,False
Trichroism,Topic,8,False
Tutele,Tegulated,6,False
Twittle-twattle,Toadstool,12,False
Tagnicate,Tantalize,6,False
Topau,Tantivy,6,False
Traction,Trophosperm,9,False
Terce,Teratoma,5,False
Tympanized,Terrier,7,False
Tribolet,Tagtail,7,False
Thaumaturgics,Thine,10,False
Tympanites,Twank,7,False
Turnstone,Tongo,6,False
Truncating,Triumviry,7,False
To-beat,Tinea,4,False
Triverbial,Tinto,8,False
Trabeculate,Thermobattery,10,False
Tophaceous,Triune,8,False
Tapayaxin,Twyblade,7,False
Thwack,Tucuma,5,False
Tetroxide,Tiger,7,False
Trachytoid,Towardliness,10,False
Tine,Trestlework,9,False
Typhlosole,Twattler,8,False
Taberd,Thanatology,9,False
Tetrandria,Truthful,8,False
Trestlework,Taring,10,False
Twinkled,Tophi,7,False
Transilience,Trochisci,8,False
Transgressed,Triamide,9,False
Tussicular,Trachytoid,9,False
True,Transmutable,8,False
Tilmus,Tutelage,6,False
Transmigrant,Thornbut,10,False
Trinketry,Three-lobed,9,False
Triple-tail,Turfed,9,False
Tenet,Thrift,4,False
Trancscendental,Tauridor,12,False
Trochisk,Teachless,5,False
Taboring,Trust,6,False
Transcurrence,Tschego,9,False
Tapestries,Toxodonta,9,False
Toothless,Traducingly,10,False
Thermomultiplier,Trossers,12,False
Turn,Triradiated,9,False
Tegmental,Turbulent,7,False
Trape,Tajassu,5,False
Thring,Trouse,5,False
Tinder,Tangible,6,False
Taglock,Tricorporate,10,False
Turiones,Taffrail,7,False
Threefold,Tap,8,False
Telescopically,Turnix,12,False
Trimera,Tum-tum,6,False
Turdiformes,Tarpon,8,False
Tourn,Trio,4,False
Terraculture,Tabulae,7,False
Teetotal,Tafferer,7,False
Turnkeys,Turcomans,5,False
Toty,Treatable,7,False
Temerity,Thee,6,False
Taguan,Tilbury,5,False
Tassel,Topful,4,False
Turkos,Tantalizer,9,False
Trencher-men,Tradeswomen,7,False
Tetra-,Thresh-fold,9,False
Tamarind,Teocalli,7,False
Theriacal,Transubstantiator,14,False
Tact,Thanks,4,False
Transplanted,Thecla,9,False
Tolu,Trim,3,False
Truchman,Tearer,7,False
Trisulphide,Transcorporate,9,False
Transpalatine,Tubulation,8,False
Thermifugine,Tetrahexahedron,12,False
Testamentize,Trivalve,9,False
Tarantula,Thyrsoid,8,False
Triangularly,Trompil,9,False
Tabarder,Text,7,False
Tiercel,Theopneusty,8,False
Thunderbolt,Traveler,9,False
Tendment,Thoroughpin,10,False
Tardiness,Tanate,6,False
Taeniae,Tumuli,6,False
Tibiae,Triparted,6,False
Trophosome,Telegraphical,10,False
Terminate,Twinleaf,7,False
Typhous,Treacly,6,False
Tamias,Transmissive,7,False
Tire-women,Trinerve,7,False
Torpedinous,Torved,6,False
Teneral,Transmuted,8,False
Tingled,Tissue,4,False
Terminism,Transactor,9,False
Thirty-second,Telegram,11,False
Tralucent,Tractability,8,False
Thrower,Tentacula,8,False
Testamur,Tinker,6,False
Trewth,Toght,4,False
Teaspoonfuls,Tanager,9,False
Tuffoon,Tentory,5,False
Throwster,Tete-a-tete,8,False
Trudge,Transmit,6,False
Tenderness,Thrid,8,False
Trochiscus,Turbo,9,False
Therewhile,Toot,9,False
Tridentiferous,Trivialism,10,False
Torsi,Talegalla,8,False
Tidiness,Tailoress,4,False
Trochanteric,Timesaving,10,False
Tinkering,Tschego,7,False
Thin,Tolerate,7,False
Tue-iron,Tracheobronchial,11,False
Transversed,T cart,9,False
Typography,Tumid,9,False
Transalpine,Threnode,8,False
Twigger,Tepefy,6,False
Theorical,Traitress,8,False
Tripaschal,Tangental,7,False
Tyler,Triunity,7,False
